Line Number	Verse Reference	Word	Closest Match	Similarity	Verse Match?	Area Match?	Full Line
7120	ΙΗΣΟΥΣ ΝΑΥΗ 9:2	ᾖρν	ἦραν	0.86	No	Yes	\vs{2d}Καὶ πᾶς Ἰσραὴλ, καὶ οἱ πρεσβύτεροι αὐτῶν, καὶ οἱ δικασταὶ, καὶ οἱ γραμματεῖς αὐτῶν, παρεπορεύοντο ἔνθεν καὶ ἔνθεν τῆς κιβωτοῦ ἀπέναντι· καὶ οἱ ἱερεῖς καὶ οἱ Λευῖται ᾖρν τὴν κιβωτὸν τῆς διαθήκης Κυρίου· καὶ ὁ προσήλυτος καὶ ὁ αὐτόχθων, οἳ ἦσαν ἥμισυ πλησίον ὄρους Γαριζὶν, καὶ οἳ ἦσαν ἥμισυ πλησίον ὄρους Γαιβὰλ, καθότι ἐνετείλατο Μωυσῆς ὁ θεράπων Κυρίου εὐλογῆσαι τὸν λαὸν ἐν πρώτοις.
10731	ΒΑΣΙΛΕΙΩΝ Γ 2:22	Ἀβισὰλ	αβισακ	0.83	Yes	No	\vs{22}Καὶ ἀπεκρίθη ὁ βασιλεὺς Σαλωμὼν, καὶ εἶπε τῇ μητρὶ αὐτοῦ, καὶ ἱνατί σὺ ᾔτησαι τὴν Ἀβισὰλ τῷ Ἀδωνίᾳ; καὶ αἴτησαι αὐτῷ τὴν βασιλείαν, ὅτι οὗτος ἀδελφός μου ὁ μέγας ὑπὲρ ἐμέ, καὶ αὐτῷ Ἀβιάθαρ ὁ ἱερεὺς, καὶ αὐτῷ Ἰωὰβ ὁ υἱὸς Σαρουίας ἀρχιστράτηγος ἑταῖρος.
30621	ΤΩΒΙΤ 1:18	Ἰιυδαίας	ιουδαίας	0.88	Yes	No	\vs{18}Καὶ εἴ τινα ἀπέκτεννε Σενναχηρὶμ ὁ βασιλεὺς, ὅτε ἦλθε φεύγων ἐκ τῆς Ἰιυδαίας, ἔθαψα αὐτοὺς κλέπτων· πολλοὺς γὰρ ἀπέκτεινεν ἐν τῷ θυμῷ αὐτοῦ· καὶ ἐζητήθη ὑπὸ τοῦ βασιλέως τὰ σώματα, καὶ οὐχ εὑρέθη.
30654	ΤΩΒΙΤ 3:5	εἰσιὶ	εἰσιν	0.80	Yes	No	\vs{5}Καὶ νῦν πολλαὶ αἱ κρίσεις σου εἰσιὶ καὶ ἀληθιναὶ, ἐξ ἐμοῦ ποιῆσαι περὶ τῶν ἁμαρτιῶν μου καὶ τῶν πατέρων μου, ὃτι οὐκ ἐποιήσαμεν τὰς ἐντολάς σου, οὐ γὰρ ἐπορεύθημεν ἐν ἀληθείᾳ ἐνώπιόν σου.
30686	ΤΩΒΙΤ 4:7	πατέρος	πατρός	0.92	No	Yes	\vs{7e}Πρόσεχε σεαυτῷ, παιδίον, ἀπὸ πάσης πορνείας, καὶ γυναῖκα πρῶτον λάβε ἀπὸ τοῦ σπέρματος τῶν πατέρων σου· μὴ λάβῃς γυναῖκα ἀλλοτρίαν, ἣ οὐκ ἔστιν ἐκ τῆς φυλῆς τοῦ πατέρος σου, διότι υἱοὶ προφητῶν ἐσμέν, Νῶε, Ἁβραάμ, Ἰσαάκ, Ἰακώβ. Οἱ πατέρες ἡμῶν ἀπὸ τοῦ αἰῶνος, μνήσθητι, παιδίον, ὅτι αὐτοὶ πάντες ἔλαβον γυναῖκας ἐκ τῶν ἀδελφῶν αὐτῶν, καὶ εὐλογήθησαν ἐν τοῖς τέκνοις αὐτῶν, καὶ τὸ σπέρμα αὐτῶν κληρονομήσει γῆν.
30718	ΤΩΒΙΤ 5:13	γενυημάτων	γενημάτων	0.95	No	Yes	\vs{13}Καὶ εἶπεν αὐτῷ, ὑγιαίνων ἔλθοις, ἀδελφέ· καὶ μή μοι ὀργισθῇς, ὅτι ἐζήτησα τὴν φυλήν σου, καὶ τὴν πατριάν σου ἐπιγνῶναι· καὶ σὺ τυγχάνεις ἀδελφός μου ἐκ τῆς καλῆς καὶ ἀγαθῆς γενεᾶς· ἐπεγίνωσκον γὰρ ἐγὼ Ἀνανίαν καὶ Ἰωνάθαν τοὺς υἱοὺς Σεμεῒ τοῦ μεγάλου, ὡς ἐπορευόμεθα κοινῶς εἰς Ἱεροσόλυμα προσκυνεῖν, ἀναφέροντες τὰ πρωτότοκα, καὶ τὰς δεκάτας τῶν γενυημάτων, καὶ οὐκ ἐπλανήθησαν ἐν τῇ πλάνῃ τῶν ἀδελφῶν ἡμῶν· ἐκ ῥίζης καλῆς εἶ, ἀδελφέ.
30872	ΤΩΒΙΤ 12:12	συμπαρήγμην	συμπαρήμην	0.95	Yes	No	\vs{12}Καὶ νῦν ὅτε προσηύξω σὺ καὶ ἡ νύμφη σου Σάῤῥα, ἐγὼ προσήγαγον τὸ μνημόσυνον τῆς προσευχῆς ὑμῶν ἐνώπιον τοῦ ἁγίου· καὶ ὅτε ἔθαπτες τοὺς νεκροὺς, ὡσαύτως συμπαρήγμην σοι.
30943	ΙΟΥΔΙΘ 1:4	τεσσράκοντα	τεσσαράκοντα	0.96	Yes	No	\vs{4}Καὶ ἐποίησε τὰς πύλας αὐτῆς πύλας διεγειρομένας εἰς ὕψος πηχῶν ἑβδομήκοντα, καὶ τὸ πλάτος αὐτῶν πήχεις τεσσράκοντα εἰς ἐξόδους δυνάμεων δυνατῶν αὐτοῦ, καὶ διατάξεις τῶν πεζῶν αὐτοῦ.
30949	ΙΟΥΔΙΘ 1:8	Ἐσδρηλὼμ	εσδρηλων	0.88	Yes	No	\vs{8}καὶ τοὺς ἐν τοῖς ἔθνεσι τοῦ Καρμήλου, καὶ Γαλαὰδ, καὶ τὴν ἄνω Γαλιλαίαν, καὶ τὸ μέγα πεδίον Ἐσδρηλὼμ,
30958	ΙΟΥΔΙΘ 1:15	ζιβύναις	σιβύναις	0.88	Yes	No	\vs{15}Καὶ ἔλαβε τὸν Ἀρφαξὰδ ἐν τοῖς ὄρεσι Ῥαγαῦ, καὶ κατηκόντισεν αὐτὸν ἐν ταῖς ζιβύναις αὐτοῦ, καὶ ἐξωλόθρευσεν αὐτὸν ἕως τῆς ἡμέρας ἐκείνης.
30986	ΙΟΥΔΙΘ 2:20	τυνεξῆλθον	συνεξῆλθον	0.90	Yes	No	\vs{20}Καὶ πολὺς ὁ ἐπίμικτος ὡς ἀκρὶς τυνεξῆλθον αὐτοῖς, καὶ ὡς ἡ ἄμμος τῆς γῇς· οὐ γὰρ ἦν ἀριθμὸς ἀπὸ πλήθους αὐτῶν.
30988	ΙΟΥΔΙΘ 2:21	ἐπεστρατοπέδευσεν	ἐπεστρατοπέδευσαν	0.94	Yes	No	\vs{21}Καὶ ἀπῆλθον ἐκ Νινευὴ ὁδὸν τριῶν ἡμερῶν ἐπὶ πρόσωπον τοῦ πεδίου Βαικτιλαὶθ, καὶ ἐπεστρατοπέδευσεν ἀπὸ Βαικτιλαὶθ πλησίον τοῦ ὄρους τοῦ ἐπʼ ἀριστερᾷ τῆς ἄνω Κιλικίας.
31009	ΙΟΥΔΙΘ 3:6	ἐφρούρησε	ἐφρούρωσε	0.89	Yes	No	\vs{6}Καὶ κατέβη ἐπὶ τὴν παραλίαν αὐτὸς καὶ ἡ δύναμις αὐτοῦ, καὶ ἐφρούρησε τὰς πόλεις τὰς ὑψηλάς· καὶ ἔλαβεν ἐξ αὐτῶν εἰς συμμαχίαν ἄνδρας ἐπιλέκτους.
31011	ΙΟΥΔΙΘ 3:8	δεδογμένον	δεδομένον	0.95	Yes	No	\vs{8}Καὶ κατέσκαψε πάντα τὰ ὅρια αὐτῶν, καὶ τὰ ἄλση αὐτῶν ἐξέκοψε· καὶ ἦν δεδογμένον αὐτῷ ἐξολοθρεῦσαι πάντας τοὺς θεοὺς τῆς γῆς, ὅπως αὐτῷ μόνῳ τῷ Ναβουχοδονόσορ λατρεύσωσι πάντα τὰ ἔθνη, καὶ πᾶσαι αἱ γλῶσσαι καὶ πᾶσαι αἱ φυλαὶ αὐτῶν ἐπικαλέσωνται αὐτὸν εἰς θεόν.
31020	ΙΟΥΔΙΘ 4:4	Κωνὰς	κωνα	0.89	Yes	No	\vs{4}καὶ ἀπέστειλαν εἰς πᾶν ὅριον Σαμαρείας, καὶ Κωνὰς, καὶ Βαιθωρὼν, καὶ Βελμὲν, καὶ Ἱεριχὼ, καὶ εἰς Χωβὰ, καὶ Αἰσωρὰ, καὶ τὸν αὐλῶνα Σαλὴμ,
31041	ΙΟΥΔΙΘ 5:3	στρατηγίας	στρατιᾶς	0.89	Yes	No	\vs{3}καὶ εἶπεν αὐτοῖς, ἀναγγείλατε δή μοι, υἱοὶ Χαναὰν, τίς ὁ λαὸς οὗτος ὁ καθήμενος ἐν τῇ ὀρεινῇ, καὶ τίνες ἃς κατοικοῦσι πόλεις; καὶ τὸ πλῆθος τῆς δυνάμεως αὐτῶν, καὶ ἐν τίνι τὸ κράτος αὐτῶν, καὶ ἡ ἰσχὺς αὐτῶν, καὶ τίς ἀνέστηκεν ἐπʼ αὐτῶν βασιλεὺς ἡγούμενος στρατηγίας αὐτῶν;
31074	ΙΟΥΔΙΘ 6:2	προεφήτευσας	ἐπροφήτευσας	0.92	Yes	No	\vs{2}καὶ τίς εἶ σὺ, Ἀχιὼρ, καὶ οἱ μισθωτοὶ τοῦ Ἐφραὶμ, ὅτι προεφήτευσας ἐν ἡμῖν καθὼς σήμερον, καὶ εἶπας τὸ γένος Ἰσραὴλ μὴ πολεμῆσαι, ὅτι ὁ Θεὸς αὐτῶν ὑπερασπιεῖ αὐτῶν; καὶ τίς ὁ Θεὸς εἰ μὴ Ναβουχοδονόσορ;
31090	ΙΟΥΔΙΘ 6:15	Ἀβρὶς	χαβρις	0.91	Yes	No	\vs{15}οἳ ἦσαν ἐν ταῖς ἡμέραις ἐκείναις, Ὀζίας ὁ τοῦ Μιχὰ ἐκ τῆς φυλῆς Συμεὼν, καὶ Ἀβρὶς ὁ τοῦ Γοθονιὴλ, καὶ Χαρμὶς υἱὸς Μελχιήλ.
31104	ΙΟΥΔΙΘ 7:3	Βελθὲμ	ἐλθὲ	0.80	No	No	\vs{3}Καὶ παρενέβαλον ἐν τῷ αὐλῶνι πλησίον Βετυλούα ἐπὶ τῆς πηγῆς, καὶ παρέτειναν εἰς εὖρος ἐπὶ Δωθαῒμ καὶ ἕως Βελθὲμ, καὶ εἰς μῆκος ἀπὸ Βετυλούα ἕως Κυαμῶνος, ἥ ἐστιν ἀπέναντι Ἐσδρηλώμ.
31104	ΙΟΥΔΙΘ 7:3	Ἐσδρηλώμ	εσδρηλων	0.88	Yes	No	\vs{3}Καὶ παρενέβαλον ἐν τῷ αὐλῶνι πλησίον Βετυλούα ἐπὶ τῆς πηγῆς, καὶ παρέτειναν εἰς εὖρος ἐπὶ Δωθαῒμ καὶ ἕως Βελθὲμ, καὶ εἰς μῆκος ἀπὸ Βετυλούα ἕως Κυαμῶνος, ἥ ἐστιν ἀπέναντι Ἐσδρηλώμ.
31124	ΙΟΥΔΙΘ 7:18	Ἐκρεβὴλ	εγρεβηλ	0.86	Yes	No	\vs{18}Καὶ ἀνέβησαν υἱοὶ Ἡσαῦ, καὶ οἱ υἱοὶ Ἀμμών, καὶ παρενέβαλον ἐν τῇ ὀρεινῇ ἀπέναντι Δωθαῒμ, καὶ ἀπέστειλαν ἐξ αὐτῶν πρὸς Νότον καὶ ἀπηλιώτην ἀπέναντι Ἐκρεβὴλ, ἥ ἐστι πλησίον Χοὺς, ἥ ἐστιν ἐπὶ τοῦ χειμάῤῥου Μοχμούρ· καὶ ἡ λοιπὴ στρατιὰ τῶν Ἀσσυρίων παρενέβαλον ἐν τῷ πεδίῳ, καὶ ἐκάλυψαν πᾶν τὸ πρόσωπον τῆς γῆς· καὶ αἱ σκηναὶ καὶ αἱ ἀπαρτίαι αὐτῶν κατεστρατοπέδευσαν ἐν ὄχλῳ πολλῷ, καὶ ἦσαν εἰς πλῆθος πολὺ σφόδρα.
31129	ΙΟΥΔΙΘ 7:22	ἠθύμησαν	ἠθύμησεν	0.88	Yes	No	\vs{22}Καὶ ἠθύμησαν τὰ νήπια αὐτῶν, καὶ αἱ γυναῖκες αὐτῶν καὶ οἱ νεανίσκοι ἐξέλιπον ἀπὸ τῆς δίψης· καὶ ἔπιπτον ἐν ταῖς πλατείαις τῆς πόλεως, καὶ ἐν ταῖς διόδοις τῶν πυλῶν, καὶ οὐκ ἦν κραταίωσις ἔτι ἐν αὐτοῖς.
31148	ΙΟΥΔΙΘ 8:3	Βελαμών	βαλαμων	0.86	Yes	No	\vs{3}ἐπέστη γὰρ ἐπὶ τοῦ δεσμεύοντος τὸ δρᾶγμα ἐν τῷ πεδίῳ, καὶ ὁ καύσων ἦλθεν ἐπὶ τὴν κεφαλὴν αὐτοῦ, καὶ ἔπεσεν ἐπὶ τὴν κλίνην, καὶ ἐτελεύτησεν ἐν Βετυλούᾳ τῇ πόλει αὐτοῦ, καὶ ἔθαψαν αὐτὸν μετὰ τῶν πατέρων αὐτοῦ ἐν τῷ ἀγρῷ τῷ ἀναμέσον Δωθαῒμ καὶ Βελαμών.
31195	ΙΟΥΔΙΘ 9:1	ἐνεδιδύσκετο	ἐνεδιδύσκοντο	0.88	No	No	Ἰουδὶθ δὲ ἔπεσεν ἐπὶ πρόσωπον, καὶ ἐπέθετο σποδὸν ἐπὶ τὴν κεφαλὴν αὐτῆς, καὶ ἐγύμνωσεν ὃν ἐνεδιδύσκετο σάκκον· καὶ ἦν ἄρτι προσφερόμενον ἐν Ἱερουσαλὴμ εἰς τὸν οἶκον τοῦ Θεοῦ τὸ θυμίαμα τῆς ἑσπέρας ἐκείνης· καὶ ἐβόησε φωνῇ μεγάλῃ Ἰουδὶθ πρὸς Κύριον, καὶ εἶπε,
31203	ΙΟΥΔΙΘ 9:7	ἐγανρίασαν	ἐγαυρίασαν	0.90	Yes	No	\vs{7}Ἰδοὺ γὰρ Ἀσσύριοι ἐπληθύνθησαν ἐν δυνάμει αὐτῶν, ὑψώθησαν ἐφʼ ἵππῳ καὶ ἀναβάτῃ, ἐγανρίασαν ἐν βραχίονι πεζῶν, ἤλπισαν ἐν ἀσπίδι καὶ ἐν γαισῷ καὶ τόξῳ καὶ σφενδόνῃ, καὶ οὐκ ἔγνωσαν ὅτι σὺ εἶ Κύριος συντρίβων πολέμους· Κύριος ὄνομά σοι.
31221	ΙΟΥΔΙΘ 10:5	καμψάκην	καψάκην	0.93	Yes	No	\vs{5}Καὶ ἔδωκε τῇ ἅβρᾳ αὐτῆς ἀσκοπυτίνην οἴνου, καὶ καμψάκην ἐλαίου, καὶ πήραν ἐπλήρωσεν ἀλφίτων καὶ παλάθης καὶ ἄρτων καθαρῶν, καὶ περιεδίπλωσε πάντα τὰ ἀγγεῖα αὐτῆς, καὶ ἐπέθηκεν ἐπʼ αὐτῇ.
31294	ΙΟΥΔΙΘ 12:11	ἀφεστηκὼς	ἐφεστηκὼς	0.89	Yes	No	\vs{11}Καὶ εἶπε Βαγώᾳ τῷ εὐνούχῳ, ὃς ἦν ἀφεστηκὼς ἐπὶ πάντων τῶν αὐτοῦ, πεῖσον δὴ πορευθεὶς τὴν γυναῖκα τὴν Ἑβραίαν ἥ ἐστι παρὰ σοὶ, τοῦ ἐλθεῖν πρὸς ἡμᾶς, καὶ φαγεῖν καὶ πιεῖν μεθʼ ἡμῶν.
31319	ΙΟΥΔΙΘ 13:6	ἀκινάνην	ἀκινάκην	0.88	Yes	No	\vs{6}Καὶ προσελθοῦσα τῷ κανόνι τῆς κλίνης ὃς ἦν πρὸς κεφαλῆς Ὀλοφέρνου, καθεῖλε τὸν ἀκινάνην αὐτοῦ ἀπʼ αὐτοῦ.
31350	ΙΟΥΔΙΘ 14:7	προσώτῳ	προσώπῳ	0.86	Yes	No	\vs{7}Ὡς δὲ ἀνέλαβον αὐτὸν, προσέπεσε τοῖς ποσὶν Ἰουδὶθ, καὶ προσεκύνησε τῷ προσώτῳ αὐτῆς, καὶ εἶπεν, εὐλογημένη σὺ ἐν παντὶ σκηνώματι Ἰούδα, καὶ ἐν παντὶ ἔθνει, οἵτινες ἀκούσαντες τὸ ὄνομά σου ταραχθήσονται.
31363	ΙΟΥΔΙΘ 14:15	ἐῤῥιμεμένον	ἐρριμμένον	0.95	Yes	No	\vs{15}Ὡς δὲ οὐδεὶς ἐπήκουσε, διαστείλας εἰσῆλθεν εἰς τὸν κοιτῶνα, καὶ εὗρεν αὐτὸν ἐπὶ τῆς χελωνίδος ἐῤῥιμεμένον νεκρὸν, καὶ ἡ κεφαλὴ αὐτοῦ ἀφῄρητο ἀπʼ αὐτοῦ.
31391	ΙΟΥΔΙΘ 16:1	ὑπεφώνει	ὑπερεφώνει	0.89	No	Yes	Καὶ ἐξῆρχεν Ἰουδὶθ τὴν ἐξομολόγησιν ταύτην ἐν παντὶ Ἰσραὴλ, καὶ ὑπεφώνει πᾶς ὁ λαὸς τὴν αἴνεσιν ταύτην·
31419	ΙΟΥΔΙΘ 16:19	αὕτς	αὐτῆς	0.89	No	Yes	\vs{19}Καὶ ἀνέθηκεν Ἰουδὶθ πάντα τὰ σκεύη Ὀλοφέρνου ὅσα ἔδωκεν ὁ λαὸς αὐτῇ, καὶ τὸ κωνωπεῖον ὃ ἔλαβεν αὕτς ἐκ τοῦ κοιτῶνος αὐτοῦ, εἰς ἀνάθημα τῷ Θεῷ ἔδωκε.
31455	ΣΟΦΙΑ ΣΑΛΩΜΩΝ 1:16	ἡγησάμεμοι	ἡγησάμενοι	0.90	Yes	No	\vs{16}ἀσεβεῖς δὲ ταῖς χερσὶ καὶ τοῖς λόγοις προσεκαλέσαντο αὐτὸν, φίλον ἡγησάμεμοι αὐτὸν ἐτάκησαν, καὶ συνθήκην ἔθεντο πρὸς αὐτὸν, ὅτι ἄξιοί εἰσι τῆς ἐκείνου μερίδος εἶναι.
31487	ΣΟΦΙΑ ΣΑΛΩΜΩΝ 2:23	ἀτόν	αὐτόν	0.89	Yes	No	\vs{23}Ὅτι ὁ Θεὸς ἔκτισε τὸν ἄνθρωπον ἐπ ἀφθαρσίᾳ, καὶ εἰκόνα τῆς ἰδίας ἰδιότητος ἐποίησεν ἀτόν.
31545	ΣΟΦΙΑ ΣΑΛΩΜΩΝ 5:3	στενάζοντες	βαστάζοντες	0.82	No	No	\vs{3}Ἐροῦσιν ἑαυτοῖς μετανοοῦντες, καὶ διὰ στενοχωρίαν πνεύματος στενάζοντες,
31555	ΣΟΦΙΑ ΣΑΛΩΜΩΝ 5:10	δειρχομενη	διερχομένη	0.90	Yes	No	\vs{10}ὡς ναῦς δειρχομενη κυμαινόμενον ὕδωρ, ἧς διαβάσης οὐκ ἔστιν ἴχνος εὑρεῖν, οὐδὲ ἀτραπὸν τρόπιος αὐτῆς ἐν κύμασιν·
31737	ΣΟΦΙΑ ΣΑΛΩΜΩΝ 11:10	νουθεντῶν	νουθετῶν	0.94	Yes	No	\vs{10}Τούτους μὲν γὰρ ὡς πατὴρ νουθεντῶν ἐδοκίμασας, ἐκείνους δὲ ὡς ἀπότομος βασιλεὺς καταδικάζων ἐξήτασας.
31755	ΣΟΦΙΑ ΣΑΛΩΜΩΝ 11:25	ἐθέλησας	ἠθέλησας	0.88	Yes	No	\vs{25}Πῶς δὲ ἔμεινεν ἄν τι εἰ μὴ σὺ ἐθέλησας; ἢ τὸ μὴ κληθὲν ὑπὸ σοῦ διετηρήθη;
31764	ΣΟΦΙΑ ΣΑΛΩΜΩΝ 12:6	μυσταθείας	εὐσταθείας	0.90	No	No	\vs{6}καὶ αἴματος ἐκ μέσου μυσταθείας σου, καὶ αὐθέντας γονεῖς ψυχῶν ἀβοηθήτων, ἐβουλήθης ἀπολέσαι διὰ χειρῶν πατέρων ἡμῶν·
31778	ΣΟΦΙΑ ΣΑΛΩΜΩΝ 12:18	δεσπόζεν	δεσπόζων	0.88	Yes	No	\vs{18}Σὺ δὲ δεσπόζεν ἰσχύος ἐν ἐπιεικείᾳ κρίνεις καὶ μετὰ πολλῆς φειδοῦς διοικεῖς ἡμᾶς· πάρεστι γάρ σοι ὅταν θέλῃς τὸ δύνασθαι.
31804	ΣΟΦΙΑ ΣΑΛΩΜΩΝ 13:11	ὑλοτῦμος	ὑλοτόμος	0.88	Yes	No	\vs{11}Εἰ δὲ καί τις ὑλοτῦμος τέκτων εὐκίνητον φυτὸν ἐκπρίσας, περιέξυσεν εὐμαθῶς πάντα τὸν φλοιὸν αὐτοῦ, καὶ τεχνησέμενος εὐπρεπῶς κατεσκεύασε χρήσιμον σκεῦος εἰς ὑπηρεσίαν ζωῆς,
31804	ΣΟΦΙΑ ΣΑΛΩΜΩΝ 13:11	τεχνησέμενος	τεχνησάμενος	0.92	Yes	No	\vs{11}Εἰ δὲ καί τις ὑλοτῦμος τέκτων εὐκίνητον φυτὸν ἐκπρίσας, περιέξυσεν εὐμαθῶς πάντα τὸν φλοιὸν αὐτοῦ, καὶ τεχνησέμενος εὐπρεπῶς κατεσκεύασε χρήσιμον σκεῦος εἰς ὑπηρεσίαν ζωῆς,
31852	ΣΟΦΙΑ ΣΑΛΩΜΩΝ 14:31	ὀμνυομένων	ὀμνυμένων	0.95	Yes	No	\vs{31}Οὐ γὰρ ἡ τῶν ὀμνυομένων δύναμις, ἀλλʼ ἡ τῶν ἁμαρτανόντων δίκη ἐπεξέρχεται ἀεὶ τὴν τῶν ἀδίκων παράβασιν.
31866	ΣΟΦΙΑ ΣΑΛΩΜΩΝ 15:10	πηδοῦ	πηλοῦ	0.80	Yes	No	\vs{10}Σποδὸς ἡ καρδία αὐτοῦ, καὶ γῆς εὐτελεστέρα ἡ ἐλπὶς αὐτοῦ, πηδοῦ τε ἀτιμότερος ὁ βίος αὐτον·
31906	ΣΟΦΙΑ ΣΑΛΩΜΩΝ 16:23	ἐπιλελῆσθαι	ἐπιλέλησται	0.91	Yes	No	\vs{23}Τοῦτο πάλιν δʼ ἵνα τραφῶσι δίκαιοι, καὶ τῆς ἰδίας ἐπιλελῆσθαι δυνάμεως.
31920	ΣΟΦΙΑ ΣΑΛΩΜΩΝ 17:4	καταράσσοντες	ἐκταράσσοντες	0.92	Yes	No	\vs{4}Οὐδὲ γὰρ ὁ κατέχων αὐτοὺς μυχὸς ἀφόβως διεφύλασσεν, ἦχοι δὲ καταράσσοντες αὐτοὺς περιεκόμπουν, και φάσματα ἀμειδήτοις κατηφῆ προσώποις ἐνεφανίζετο.
31939	ΣΟΦΙΑ ΣΑΛΩΜΩΝ 17:19	κοιλοτάτων	κοιλωμάτων	0.80	No	No	\vs{19}ἢ σκιρτώντων ζώων δρόμος ἀθεώρητος, ἢ ὠρυομένων ἀπηνεστάτων θηρίων φωνὴ, ἢ ἀντανακλωμένη ἐκ κοιλοτάτων ὀρέων ἠχὼ, παρέλυσεν αὐτοὺς ἐκφοβοῦντα.
31981	ΣΟΦΙΑ ΣΑΛΩΜΩΝ 19:5	περάσῃ	πειράσῃ	0.92	Yes	No	\vs{5}καὶ ὁ μὲν λαός σου παράδοξον ὁδοιπορίαν περάσῃ, ἐκεῖνοι δὲ ξένον εὕρωσι θάνατον.
32018	ΣΟΦΙΑ ΣΕΙΡΑΧ 1:1	προκατασκευαζομένοις	προκατασκευαζομένους	0.95	No	Yes	\vs{1g}προκατασκευαζομένοις τὰ ἤθη ἐν νόμῳ βιοτεύειν.
32053	ΣΟΦΙΑ ΣΕΙΡΑΧ 1:30	καταβελεῖ	καταβαλεῖ	0.89	Yes	No	\vs{30}Μὴ ἐξύψου σεαυτὸν, ἵνα μὴ πέσῃς, καὶ ἐπαγάγῃς τῇ ψυχῇ σου ἀτιμίαν· καὶ ἀποκαλύψει Κύριος τὰ κρυπτά σου, καὶ ἐν μέσῳ συναγωγῆς καταβελεῖ σε· ὅτι οὐ προσῆλθες φόβῳ Κυρίου, καὶ ἡ καρδία σου πλήρης δόλου.
32073	ΣΟΦΙΑ ΣΕΙΡΑΧ 2:15	συντηπήσουσι	συντηρήσουσιν	0.88	Yes	No	\vs{15}Οἱ φοβούμενοι Κύριον οὐκ ἀπειθήσουσι ῥημάτων αὐτοῦ, καὶ οἱ ἀγαπῶντες αὐτὸν συντηπήσουσι τὰς ὁδοὺς αὐτοῦ.
32075	ΣΟΦΙΑ ΣΕΙΡΑΧ 2:17	παπεινώσουσι	ταπεινώσουσιν	0.88	Yes	No	\vs{17}Οἱ φοβούμενοι Κύριον ἐτοιμάσουσι καρδίας αὐτῶν, καὶ ἐνώπιον αὐτοῦ παπεινώσουσι τὰς ψυχὰς αὐτῶν.
32386	ΣΟΦΙΑ ΣΕΙΡΑΧ 12:3	ἐνελεχίζοντι	ἐνδελεχίζοντι	0.96	Yes	No	\vs{3}Οὐκ ἔστιν ἀγαθὰ τῷ ἐνελεχίζοντι εἰς κακὰ, καὶ τῷ ἐλεημοσύνην μὴ χαριζομένῳ.
32597	ΣΟΦΙΑ ΣΕΙΡΑΧ 18:31	χορηγήσεῃς	χορηγήσῃς	0.95	Yes	No	\vs{31}Ἐὰν χορηγήσεῃς τῇ ψυχῇ σου εὐδοκίαν ἐπιθυμίας, ποιήσει σε ἐπίχαρμα τῶν ἐχθρῶν σου.
32621	ΣΟΦΙΑ ΣΕΙΡΑΧ 19:16	ὀλισθαίνων	ὀλισθάνων	0.95	Yes	No	\vs{16}Ἔστιν ὀλισθαίνων καὶ οὐκ ἀπὸ ψυχῆς· καὶ τίς οὐχ ἡμάρτησεν ἐν τῇ γλώσσῃ αὐτοῦ;
32621	ΣΟΦΙΑ ΣΕΙΡΑΧ 19:16	ἡμάρτησεν	ἥμαρτεν	0.88	Yes	No	\vs{16}Ἔστιν ὀλισθαίνων καὶ οὐκ ἀπὸ ψυχῆς· καὶ τίς οὐχ ἡμάρτησεν ἐν τῇ γλώσσῃ αὐτοῦ;
32678	ΣΟΦΙΑ ΣΕΙΡΑΧ 21:2	ἀνθρώπεν	ἀνθρώπων	0.88	Yes	No	\vs{2}Ὡς ἀπὸ προσώπου ὄφεως, φεῦγε ἀπὸ ἁμαρτίας, ἐὰν γὰρ προσέλθῃς, δήξεταί σε· ὀδόντες λέοντος οἱ ὀδόντες αὐτῆς, ἀναιροῦντες ψυχὰς ἀνθρώπεν.
32684	ΣΟΦΙΑ ΣΕΙΡΑΧ 21:7	ὀλισθαίνειν	ὀλισθάνειν	0.95	Yes	No	\vs{7}Γνωστὸς μακρόθεν ὁ δυνατὸς ἐν γλώσσῃ, ὁ δὲ νοήμων οἶδεν ἐν τῷ ὀλισθαίνειν αὐτόν.
32715	ΣΟΦΙΑ ΣΕΙΡΑΧ 22:5	ἀμιμασθήσεται	ἀτιμασθήσεται	0.92	Yes	No	\vs{5}Πατέρα καὶ ἄνδρα καταισχύνει ἡ θρασεῖα, καὶ ὑπὸ ἀμφοτέρων ἀμιμασθήσεται.
32723	ΣΟΦΙΑ ΣΕΙΡΑΧ 22:14	μόλυβδον	μόλιβον	0.80	Yes	No	\vs{14}Ὑπὲρ μόλυβδον τί βαρυνθήσεται; καὶ τί αὐτῷ ὄνομα, ἀλλʼ ἢ μωρός;
32760	ΣΟΦΙΑ ΣΕΙΡΑΧ 23:14	μήποτ	μήποτε	0.91	Yes	No	\vs{14}Μνήσθητι πατρὸς καὶ μητρός σου, ἀναμέσον γὰρ μεγιστάνων συνεδρεύεις· μήποτʼ ἐπιλάθῃ ἐνώπιον αὐτῶν, καὶ τῷ ἐθισμῷ σου μωρανθῇς, καὶ θελήσεις εἰ μὴ ἐγεννήθης, καὶ τὴν ἡμέραν τοῦ τοκετοῦ σου καταράσῃ.
32897	ΣΟΦΙΑ ΣΕΙΡΑΧ 27:18	πλησίου	πλησίον	0.86	Yes	No	\vs{18}Καθὼς γὰρ ἀπώλεσεν ἄνθρωπος τὸν ἐχθρὸν αὐτοῦ, οὕτως ἀπώλεσας τὴν φιλίαν τοῦ πλησίου·
32935	ΣΟΦΙΑ ΣΕΙΡΑΧ 28:20	χάλκεοι	χάλκειοι	0.93	Yes	No	\vs{20}Ὁ γὰρ ζυγὸς αὐτῆς ζυγὸς σιδηροῦς, καὶ οἱ δεσμοὶ αὐτῆς δεσμοὶ χάλκεοι.
32989	ΣΟΦΙΑ ΣΕΙΡΑΧ 30:9	σύμπαιζον	σύμπαιξον	0.89	Yes	No	\vs{9}Τιθήνησον τέκνον καὶ ἐκθαμβήσει σε, σύμπαιζον αὐτῷ καὶ λυπήσει σε.
33036	ΣΟΦΙΑ ΣΕΙΡΑΧ 31:3	πρωσώπου	προσώπου	0.88	Yes	No	\vs{3}Τοῦτο κατὰ τούτου ὅρασις ἐνυπνίων, κατέναντι πρωσώπου ὁμοίωμα προσώπου.
33055	ΣΟΦΙΑ ΣΕΙΡΑΧ 31:19	ἐγ	ἐγώ	0.80	No	No	\vs{19}Οὐκ εὐδοκεῖ ὁ ὕψιστος ἐν προσφοραῖς ἀσεβῶν, οὐδὲ ἐγ πλήθει θυσιῶν ἐξιλάσκεται ἁμαρτίας.
33061	ΣΟΦΙΑ ΣΕΙΡΑΧ 31:24	δεστότης	δεσπότης	0.88	No	Yes	\vs{24}Εἷς εὐχόμενος, καὶ εἷς καταρώμενος, τίνος φωνῆς εἰσακούσεται ὁ δεστότης;
33129	ΣΟΦΙΑ ΣΕΙΡΑΧ 34:21	μεσοπωρῶν	μεσοπορῶν	0.89	Yes	No	\vs{21}Καὶ εἰ ἐβιάσθης ἐν ἐδέσμασιν, ἀνάστα μεσοπωρῶν καὶ ἀναπαύσῃ.
33131	ΣΟΦΙΑ ΣΕΙΡΑΧ 34:22	ἐξουδενώσῃς	ἐξουδενήσῃς	0.91	Yes	No	\vs{22}Ἄκουσόν μου τέκνον καὶ μὴ ἐξουδενώσῃς με, καὶ ἐπʼ ἐσχάτῳ εὑρήσεις τοὺς λόγους μου· ἐν πᾶσι τοῖς ἔργοις σου γίνου ἐντρεχὴς, καὶ πᾶν αρρώστημα οὐ μή σοι ἀπαντήσῃ.
33133	ΣΟΦΙΑ ΣΕΙΡΑΧ 34:24	ἐκριβής	ἀκριβής	0.86	Yes	No	\vs{24}Πονηρῷ ἐπʼ ἄρτῳ διαγογγύσει πόλις, καὶ ἡ μαρτυρία τῆς πονηρίας αὐτοῦ ἐκριβής.
33139	ΣΟΦΙΑ ΣΕΙΡΑΧ 34:29	ὀρεθισμῷ	ἐρεθισμῷ	0.88	Yes	No	\vs{29}πικρία ψυχῆς οἶνος πινόμενος πολὺς, ἐν ὀρεθισμῷ καὶ ἀντιπτώματι.
33141	ΣΟΦΙΑ ΣΕΙΡΑΧ 34:31	ἐξουδενώσῃς	ἐξουθενήσῃς	0.82	Yes	No	\vs{31}Ἐν συμποσίῳ οἴνου μὴ ἐλέγξῃς τὸν πλησίον, καὶ μὴ ἐξουδενώσῃς αὐτὸν ἐν εὐφροσύνῃ αὐτοῦ· λόγον ὀνειδισμοῦ μὴ εἴπῃς αὐτῷ, καὶ μὴ αὐτὸν θλίψῃς ἐν ἀπαιτήσει.
33178	ΣΟΦΙΑ ΣΕΙΡΑΧ 36:4	ἀκουθήσῃ	ἀκουσθήσῃ	0.94	Yes	No	\vs{4}Ἑτοίμασον λόγον, καὶ οὕτως ἀκουθήσῃ, σύνδησον παιδείαν καὶ ἀποκρίθητι.
33209	ΣΟΦΙΑ ΣΕΙΡΑΧ 36:29	ἀναπαύσεων	ἀναπαύσεως	0.90	Yes	No	\vs{29}Ὁ κτώμενος γυναῖκα ἐνάρχεται κτήσεως, βοηθὸν κατʼ αὐτὸν καὶ στύλον ἀναπαύσεων.
33225	ΣΟΦΙΑ ΣΕΙΡΑΧ 37:11	ἐφεστίου	ἐφετίου	0.93	Yes	No	\vs{11}Μετὰ γυναικὸς περὶ ἀντιζήλου αὐτῆς, καὶ μετὰ δειλοῦ περὶ πολέμου· μετὰ ἐμπόρου περὶ μεταβολίας, καὶ μετὰ ἀγοράζοντος περὶ πράσεως· μετὰ βασκάνου περὶ εὐχαριστίας, καὶ μετὰ ἀνελεήμονος περὶ χρηστοηθείας· μετὰ ὀκνηροῦ περὶ παντὸς ἔργου, καὶ μετὰ μισθίου ἐφεστίου περὶ συντελείας, οἰκέτῃ ἀργῷ περὶ πολλῆς ἐργασίας· μὴ ἔπεχε ἐπὶ τούτοις περὶ πάσης συμβουλίας.
33269	ΣΟΦΙΑ ΣΕΙΡΑΧ 38:16	ἔναρξε	ἐνάρετον	0.80	No	No	\vs{16}Τέκνον, ἐπὶ νεκρῷ κατάγαγε δάκρυα, καὶ ὡς δεινὰ πάσχων ἔναρξε θρήνου· κατὰ δὲ τὴν κρίσιν αὐτοῦ περίστειλον τὸ σῶμα αὐτοῦ, καὶ μὴ ὑπερίδῃς τὴν ταφὴν αὐτοῦ.
33309	ΣΟΦΙΑ ΣΕΙΡΑΧ 39:13	Εἰσακούσετέ	εἰσακούσατέ	0.91	Yes	No	\vs{13}Εἰσακούσετέ μου υἱοὶ ὅσιοι, καὶ βλαστήσατε ὡς ῥόδον φυόμενον ἐπὶ ῥεύματος ἀγροῦ·
33341	ΣΟΦΙΑ ΣΕΙΡΑΧ 40:4	περιβαλλουμένου	περιβαλλομένου	0.97	Yes	No	\vs{4}ἀπὸ φοροῦντος ὑάκινθον καὶ στέφανον, καὶ ἕως περιβαλλουμένου ὠμόλινον·
33366	ΣΟΦΙΑ ΣΕΙΡΑΧ 40:25	ἀπφότερα	ἀμφότερα	0.88	Yes	No	\vs{25}Χρυσίον καὶ ἀργύριον ἐπιστήσουσι πόδα, καὶ ὑπὲρ ἀπφότερα βουλὴ εὐδοκιμεῖται.
33413	ΣΟΦΙΑ ΣΕΙΡΑΧ 42:8	ἐσχατογήρου	ἐσχατογήρως	0.82	Yes	No	\vs{8}Περὶ παιδείας ἀνοήτου καὶ μωροῦ καὶ ἐσχατογήρου κρινομένου πρὸς νέους, καὶ ἔσῃ πεπαιδευμένος ἀληθινῶς, καὶ δεδοκιμασμένος ἔναντι παντὸς ζῶντος.
33467	ΣΟΦΙΑ ΣΕΙΡΑΧ 43:27	ἐφικώμεθα	ἀφικώμεθα	0.89	Yes	No	\vs{27}Πολλὰ ἐροῦμεν καὶ οὐ μὴ ἐφικώμεθα, καὶ συντέλεια λόγων τὸ πᾶν ἐστιν αὐτός.
33470	ΣΟΦΙΑ ΣΕΙΡΑΧ 43:30	ἐφίκησθε	ἀφίκησθε	0.88	Yes	No	\vs{30}Δοξάζοντες Κύριον ὑψώσατε καθόσον ἂν δύνησθε, ὑπερέξει γὰρ καὶ ἔτι· καὶ ὑψοῦντες αὐτὸν πληθύνατε ἐν ἰσχύϊ, μὴ κοπιᾶτε, οὐ γὰρ μὴ ἐφίκησθε.
33506	ΣΟΦΙΑ ΣΕΙΡΑΧ 45:1	ἐγαπημένον	ἠγαπημένον	0.90	Yes	No	\ch{45}Καὶ ἐξήγαγεν ἐξ αὐτοῦ ἄνδρα ἐλέους, εὑρίσκοντα χάριν ἐν ὀφθαλμοῖς πάσης σαρκός· ἐγαπημένον ὑπὸ Θεοῦ καὶ ἀνθρώπων Μωυσῆν, οὗ τὸ μνημόσυνον ἐν εὐλογίαις.
33545	ΣΟΦΙΑ ΣΕΙΡΑΧ 46:5	μέγος	μέγας	0.80	Yes	No	\vs{5}Ἐπεκαλέσατο τὸν ὕψιστον δυνάστην, ἐν τῷ θλίψαι αὐτὸν ἐχθροὺς κυκλόθεν· καὶ ἐπήκουσεν αὐτῶν μέγος Κύριος.
33588	ΣΟΦΙΑ ΣΕΙΡΑΧ 47:18	μόλιβδον	μόλιβον	0.93	Yes	No	\vs{18}Ἐν ὀνόματι Κυρίου τοῦ Θεοῦ τοῦ ἐπικεκλημένου Θεοῦ Ἰσραὴλ, συνήγαγες ὡς κασσίτερον τὸ χρυσίον, καὶ ὡς μόλιβδον ἐπλήθυνας ἀργύριον.
33589	ΣΟΦΙΑ ΣΕΙΡΑΧ 47:19	Παρενέκλινας	παρανέκλινας	0.92	Yes	No	\vs{19}Παρενέκλινας τὰς λαγόνας σου γυναιξὶ, καὶ ἐνεξουσιάσθης ἐν τῷ σώματί σου.
33604	ΣΟΦΙΑ ΣΕΙΡΑΧ 48:5	θυνάτου	θανάτου	0.86	Yes	No	\vs{5}Ὁ ἐγείρας νεκρὸν ἐκ θυνάτου καὶ ἐξ ᾅδου ἐν λόγῳ ὑψίστου·
33654	ΣΟΦΙΑ ΣΕΙΡΑΧ 50:4	ἐμπολιορκῆσαι	ἐνπολιορκῆσαι	0.92	Yes	No	\vs{4}ὁ φροντίζων τοῦ λαοῦ αὐτοῦ ἀπὸ πτώσεως, καὶ ἐνισχύσας πόλιν ἐμπολιορκῆσαι,
33705	ΣΟΦΙΑ ΣΕΙΡΑΧ 51:15	ἴχνευσα	χωνεύσας	0.80	No	No	\vs{15}ἐξ ἄνθους ὡς περκαζούσης σταφυλῆς· εὐφράνθη ἡ καρδία μου ἐν αὐτῇ, ἐπέβη ὁ πούς μου ἐν εὐθύτητι, ἐκ νεότητός μου ἴχνευσα αὐτήν.
33710	ΣΟΦΙΑ ΣΕΙΡΑΧ 51:19	Διαμεμάχηται	διαμεμάχισται	0.88	Yes	No	\vs{19}Διαμεμάχηται ἡ ψυχή μου ἐν αὐτῇ, καὶ ἐν ποιήσει λιμοῦ διηκριβωσάμην· τὰς χεῖράς μου ἐξεπέτασα πρός ὕψος, καὶ τὰ ἀγνοήματα αὐτῆς ἐπένθησα,
33710	ΣΟΦΙΑ ΣΕΙΡΑΧ 51:19	διηκριβωσάμην	διηκριβασάμην	0.92	Yes	No	\vs{19}Διαμεμάχηται ἡ ψυχή μου ἐν αὐτῇ, καὶ ἐν ποιήσει λιμοῦ διηκριβωσάμην· τὰς χεῖράς μου ἐξεπέτασα πρός ὕψος, καὶ τὰ ἀγνοήματα αὐτῆς ἐπένθησα,
33716	ΣΟΦΙΑ ΣΕΙΡΑΧ 51:24	ὑστερεῖτε	ὑστέρει	0.88	No	No	\vs{24}Διότι ὑστερεῖτε ἐν τούτοις, καὶ αἱ ψυχαὶ ὑμῶν διψῶσι σφόδρα;
33739	ΒΑΡΟΥΧ 1:8	Σειουὰλ	σειουάν	0.86	Yes	No	\vs{8}ἐν τῷ λαβεῖν αὐτὸν τὰ σκεύη οἴκου Κυρίου, τὰ ἐξενεχθέντα ἐκ τοῦ ναοῦ, ἀποστρέψαι εἰς γῆν Ἰούδα, τῇ δεκάτῃ τοῦ Σειουὰλ, σκεύη ἀργυρᾶ, ἃ ἐποίησε Σεδεκίας υἱὸς Ἰωσία βασιλεὺς Ἰούδα,
33908	ΒΑΡΟΥΧ 4:36	Περίβλεψον	περίβλεψαι	0.80	Yes	No	\vs{36}Περίβλεψον πρὸς ἀνατολὰς Ἱερουσαλὴμ, καὶ ἴδε τὴν εὐφροσύνην τὴν παρὰ τοῦ Θεοῦ σοι ἐρχομένην.
33964	ΕΠΙΣΤΟΛΗ ΙΕΡΕΜΙΟΥ 1:27	εἴποτε	ποτε	0.80	No	Yes	\vs{27}Αἰσχύνονταί τε καὶ οἱ θεραπεύοντες αὐτὰ, διὰ τὸ, εἴποτε ἐπὶ τὴν γῆν πέσῃ, μὴ διʼ αὐτῶν ἀνίστασθαι, μήτε ἐάν τις αὐτὸ ὀρθὸν στήσῃ, διʼ ἑαυτοῦ κινηθήσεται, μητε ἐὰν κλιθῇ, οὐ μὴ ὀρθωθῇ, ἀλλʼ ὥσπερ νεκροῖς τὰ δῶρα αὐτοῖς παρατίθεται.
33985	ΕΠΙΣΤΟΛΗ ΙΕΡΕΜΙΟΥ 1:43	ὅτας	τὰς	0.86	No	Yes	\vs{43}Αἱ δὲ γυναῖκες περιθέμεναι σχοινὶα, ἐν ταῖς ὁδοῖς ἐγκάθηνται, θυμιῶσαι τὰ πίτυρα· ὅτας δέ τις αὐτῶν ἐφελκυσθεῖσα ὑπό τινος τῶν παραπορευομένων κοιμηθῇ, τὴν πλησίον ὀνειδίζει, ὅτι οὐκ ἠξίωται ὥσπερ καὶ αὐτὴ, οὔτε τὸ σχοινίον αὐτῆς διεῤῥάγη.
34001	ΕΠΙΣΤΟΛΗ ΙΕΡΕΜΙΟΥ 1:55	ἱερεῖν	ἱερεῖς	0.83	No	Yes	\vs{55}Καὶ γὰρ ὅταν ἐμπέσῃ εἰς οἰκίαν θεῶν ξυλίνων ἡ περιχρύσων ἢ περιαργύρων πῦρ, οἱ μὲν ἱερεῖν φεύξονται καὶ διασωθήσονται, αὐτοὶ δὲ ὥσπερ δοκοὶ μέσοι κατακαυθήσονται.
34021	ΕΠΙΣΤΟΛΗ ΙΕΡΕΜΙΟΥ 1:70	Ὥσοερ	ὥσπερ	0.80	No	Yes	\vs{70}Ὥσοερ γὰρ ἐν σικυηράτῳ προβασκάνιον οὐδὲν φυλάσσον, οὕτως οἱ θεοὶ αὐτῶν εἰσι ξύλινοι καὶ περίχρυσον καὶ περιάργυροι.
34021	ΕΠΙΣΤΟΛΗ ΙΕΡΕΜΙΟΥ 1:70	περίχρυσον	περίχρυσοι	0.90	Yes	No	\vs{70}Ὥσοερ γὰρ ἐν σικυηράτῳ προβασκάνιον οὐδὲν φυλάσσον, οὕτως οἱ θεοὶ αὐτῶν εἰσι ξύλινοι καὶ περίχρυσον καὶ περιάργυροι.
34033	ΣΩΣΑΝΝΑ 1:2	Σωσάννα	σουσαννα	0.80	Yes	No	\vs{2}Καὶ ἔλαβε γυναῖκα ᾗ ὄνομα Σωσάννα, θυγάτηρ Χελκείου, καλὴ σφόδρα, καὶ φοβουμένη τὸν Κύριον.
34040	ΣΩΣΑΝΝΑ 1:7	Σωσάννα	σουσαννα	0.80	Yes	No	\vs{7}Καὶ ἐγένετο ἡνίκα ἀπέτρεχεν ὁ λαὸς μέσον ἡμέρας, εἰσεπορεύετο Σωσάννα, καὶ περιεπάτει ἐν τῷ παραδείσῳ τοῦ ἀνδρὸς αὐτῆς.
34048	ΣΩΣΑΝΝΑ 1:14	ἀνακάμφαντες	ἀνακάμψαντες	0.92	Yes	No	\vs{14}Καὶ ἐξελθόντες διεχωρίσθησαν ἀπʼ ἀλλήλων, καὶ ἀνακάμφαντες ἦλθον ἐπιτοαυτὸ, καὶ ἀνετάζοντες ἀλλήλους τὴν αἰτίαν, ὡμολόγησαν τὴν ἐπιθυμίαν αὐτῶν· καὶ τότε κοινῇ συνετάξαντο καιρὸν, ὅτε αὐτὴν δυνήσονται εὑρεῖν μόνην.
34060	ΣΩΣΑΝΝΑ 1:22	Σωσάννα	σουσαννα	0.80	Yes	No	\vs{22}Καὶ ἀνεστέναξε Σωσάννα, καὶ εἶπε, στενά μοι πάντοθεν· ἐάν τε γὰρ τοῦτο πράξω, θάνατός μοι ἐστίν· ἐάν τε μὴ πράξω, οὐκ ἐκφεύξομαι τὰς χεῖρας ὑμῶν.
34062	ΣΩΣΑΝΝΑ 1:24	Σωσάννα	σουσαννα	0.80	Yes	No	\vs{24}Καὶ ἀνεβόησε φωνῇ μεγάλῃ Σωσάννα· ἐβόησαν δὲ καὶ οἱ δύο πρεσβύται κατέναντι αὐτῆς.
34066	ΣΩΣΑΝΝΑ 1:27	ἐῤῥήθη	ἐρρέθη	0.83	Yes	No	\vs{27}Ἡνίκα δὲ εἶπα οἱ πρεσβύται τοὺς λόγους αὐτῶν, κατῃσχύνθησαν οἱ δοῦλοι σφόδρα, ὅτι πώποτε οὐκ ἐῤῥήθη λόγος τοιοῦτος περὶ Σωσάννης.
34066	ΣΩΣΑΝΝΑ 1:27	Σωσάννης	σουσαννης	0.82	Yes	No	\vs{27}Ἡνίκα δὲ εἶπα οἱ πρεσβύται τοὺς λόγους αὐτῶν, κατῃσχύνθησαν οἱ δοῦλοι σφόδρα, ὅτι πώποτε οὐκ ἐῤῥήθη λόγος τοιοῦτος περὶ Σωσάννης.
34068	ΣΩΣΑΝΝΑ 1:28	Σωσάννης	σουσαννης	0.82	Yes	No	\vs{28}Καὶ ἐγένετο τῇ ἐπαύριον, ὡς συνῆλθεν ὁ λαὸς πρὸς τὸν ἄνδρα αὐτῆς Ἰωακεὶμ, ἦλθον οἱ δύο πρεσβύται πλήρεις τῆς ἀνόμου ἐννοίας κατὰ Σωσάννης, τοῦ θανατῶσαι αὐτὴν,
34069	ΣΩΣΑΝΝΑ 1:29	Σωσάνναν	σουσανναν	0.82	Yes	No	\vs{29}καὶ εἶπαν ἔμπροσθεν τοῦ λαοῦ, ἀποστείλατε ἐπὶ Σωσάνναν θυγατέρα Χελκίου, ἥ ἐστι γυνὴ Ἰωακείμ· οἱ δὲ ἀπέστειλαν.
34072	ΣΩΣΑΝΝΑ 1:31	Σωσάννα	σουσαννα	0.80	Yes	No	\vs{31}Ἡ δὲ Σωσάννα ἦν τρυφερὰ σφόδρα, καὶ καλὴ τῷ εἴδει.
34084	ΣΩΣΑΝΝΑ 1:40	ἀγγεῖλαι	ἀναγγεῖλαι	0.89	No	Yes	\vs{40}Ταύτης δὲ ἐπιλαβόμενοι, ἐπηρωτῶμεν, τίς ἦν ὁ νεανίσκος· καὶ οὐκ ἠθέλησεν ἀγγεῖλαι ἡμῖν· ταῦτα μαρτυροῦμεν.
34087	ΣΩΣΑΝΝΑ 1:42	Σωσάννα	σουσαννα	0.80	Yes	No	\vs{42}Ἀνεβόησε δὲ φωνῇ μεγάλῃ Σωσάννα, καὶ εἶπεν, ὁ Θεὸς ὁ αἰώνιος, ὁ τῶν κρυπτῶν γνώστης, ὁ εἰδὼς τὰ πάντα πρὶν γενέσεως αὐτῶν,
34134	ΒΗΛ ΚΑΙ ΔΡΑΚΩΝ 1:8	εἴποιτέ	ἐποιεῖτε	0.80	No	Yes	\vs{8}Θυμωθεὶς δὲ ὁ βασιλεὺς ἐκάλεσε τοὺς ἱερεῖς αὐτοῦ· καὶ εἶπεν αὐτοῖς ἐὰν μὴ εἴποιτέ μοι τίς ὁ κατέσθων τὴν δαπάνην ταύτην, ἀποθανεῖσθε.
34172	ΒΗΛ ΚΑΙ ΔΡΑΚΩΝ 1:36	Βαβυῶνα	βαβυλῶνα	0.93	Yes	No	\vs{36}Καὶ ἐπελάβετο ὁ ἄγγελος Κυρίου τῆς κορυφῆς αὐτοῦ, καὶ βαστάσας τῆς κόμης τῆς κεφαλῆς αὐτοῦ, ἔθηκεν αὐτὸν εἰς Βαβυῶνα ἐπάνω τοῦ λάκκου, ἐν τῷ ῥοίζῳ τοῦ πνεύματος αὐτοῦ.
34204	ΜΑΚΚΑΒΑΙΩΝ Α 1:15	ἐζεύχθησαν	ἐζευγίσθησαν	0.82	Yes	No	\vs{15}Καὶ ἐποίησαν ἑαυτοῖς ἀκροβυστίας, καὶ ἀπέστησαν ἀπὸ διαθήκης ἁγίας· καὶ ἐζεύχθησαν τοῖς ἔθνεσι, καὶ ἐπράθησαν τοῦ ποιῆσαι τὸ πονηρόν.
34265	ΜΑΚΚΑΒΑΙΩΝ Α 1:63	ἐπελέξαντο	ἐπεδέξαντο	0.90	Yes	No	\vs{63}Καὶ ἐπελέξαντο ἀποθανεῖν, ἵνα μὴ μιανθῶσι τοῖς βρώμασι, καὶ μὴ βεβηλώσωσι διαθήκην ἁγίαν· καὶ ἀπέθανον.
34270	ΜΑΚΚΑΒΑΙΩΝ Α 2:2	Ἰωαννὰν	ιωαναν	0.92	No	No	\vs{2}Καὶ αὐτῷ υἱοὶ πέντε, Ἰωαννὰν ὁ ἐπικαλούμενος Καδδὶς,
34270	ΜΑΚΚΑΒΑΙΩΝ Α 2:2	Καδδὶς	γαδδίς	0.83	Yes	No	\vs{2}Καὶ αὐτῷ υἱοὶ πέντε, Ἰωαννὰν ὁ ἐπικαλούμενος Καδδὶς,
34321	ΜΑΚΚΑΒΑΙΩΝ Α 2:40	ἐξολοθρεύσουσιν	ὀλεθρεύσουσιν	0.86	Yes	No	\vs{40}Καὶ εἶπεν ἀνὴρ τῷ πλησίον αὐτοῦ, ἐὰν πάντες ποιήσωμεν ὡς οἱ ἀδελφοὶ ἡμῶν ἐποίησαν, καὶ μὴ πολεμήσωμεν πρὸς τὰ ἔθνη ὑπὲρ τῶν ψυχῶν ἡμῶν καὶ τῶν δικαιωμάτων ἡμῶν, νῦν τάχιον ἡμᾶς ἐξολοθρεύσουσιν ἀπὸ τῆς γῆς.
34331	ΜΑΚΚΑΒΑΙΩΝ Α 2:47	ὑπεπηφανίας	ὑπερηφανίας	0.91	Yes	No	\vs{47}Καὶ ἐδίωξαν τοὺς υἱοὺς τῆς ὑπεπηφανίας, καὶ κατευωδώθη τὸ ἔργον ἐν χειρὶ αὐτῶν.
34348	ΜΑΚΚΑΒΑΙΩΝ Α 2:62	κοπρίαν	κόπρια	0.92	Yes	No	\vs{62}Καὶ ἀπὸ λόγων ἀνδρὸς ἁμαρτωλοῦ μὴ φοβηθῆτε, ὅτι ἡ δόξα αὐτοῦ εἰς κοπρίαν καὶ εἰς σκώληκας.
34355	ΜΑΚΚΑΒΑΙΩΝ Α 2:67	προσάξατε	προσάξετε	0.89	Yes	No	\vs{67}Καὶ ὑμεῖς προσάξατε πρὸς ὑμᾶς πάντας τοὺς ποιητὰς τοῦ νόμου, καὶ ἐκδικήσατε ἐκδίκησιν τοῦ λαοῦ ὑμῶν.
34391	ΜΑΚΚΑΒΑΙΩΝ Α 3:25	πτόησις	πτόησιν	0.86	No	No	\vs{25}Καὶ ἤρξατο ὁ φόβος Ἰούδα καὶ τῶν ἀδελφῶν αὐτοῦ καὶ ἡ πτόησις ἐπιπίπτειν ἐπὶ τὰ ἔθνη τὰ κύκλῳ αὐτῶν.
34391	ΜΑΚΚΑΒΑΙΩΝ Α 3:25	ἐπιπίπτειν	ἐπέπιπτεν	0.84	Yes	No	\vs{25}Καὶ ἤρξατο ὁ φόβος Ἰούδα καὶ τῶν ἀδελφῶν αὐτοῦ καὶ ἡ πτόησις ἐπιπίπτειν ἐπὶ τὰ ἔθνη τὰ κύκλῳ αὐτῶν.
34397	ΜΑΚΚΑΒΑΙΩΝ Α 3:29	φορολόγοι	φορολόγητοι	0.90	No	No	\vs{29}Καὶ εἶδεν ὅτι ἐξέλιπε τὸ ἀργύριον ἀπὸ τῶν θησαυρῶν, καὶ οἱ φορολόγοι τῆς χώρας ὀλίγοι, χάριν τῆς διχοστασίας καὶ πληγῆς ἧς κατεσκεύασεν ἐν τῇ γῇ, τοῦ ἆραι τὰ νόμιμα ἃ ἦσαν ἀφʼ ἡμερῶν τῶν πρώτων.
34417	ΜΑΚΚΑΒΑΙΩΝ Α 3:44	συνηθροίσθη	ἠθροίσθη ἡ	0.80	Yes	No	\vs{44}Καὶ συνηθροίσθη ἡ συναγωγὴ τοῦ εἶναι ἑτοίμους εἰς πόλεμον, καὶ τοῦ προσεύξασθαι, καὶ αἰτῆσαι ἔλεον καὶ οἰκτιρμούς.
34424	ΜΑΚΚΑΒΑΙΩΝ Α 3:49	Ναζαραίους	ναζιραίους	0.90	Yes	No	\vs{49}Καὶ ἤνεγκαν τὰ ἱμάτια τῆς ἱερωσύνης, καὶ τὰ πρωτογεννήματα, καὶ τὰς δεκάτας· καὶ ἤγειραν τοὺς Ναζαραίους, οἳ ἐπλήρωσαν τὰς ἡμέρας.
34433	ΜΑΚΚΑΒΑΙΩΝ Α 3:56	μνηστευομένους	μνηστευομένοις	0.93	Yes	No	\vs{56}Καὶ εἶπον τοῖς οἰκοδομοῦσιν οἰκίας, καὶ μνηστευομένους γυναῖκας, καὶ φυτεύουσιν ἀμπελῶνας, καὶ δειλοῖς, ἀποστρέφειν ἕκαστον εἰς τὸν οἶκον αὐτοῦ, κατὰ τὸν νόμον.
34453	ΜΑΚΚΑΒΑΙΩΝ Α 4:10	εἴπως	εἴπω	0.89	No	No	\vs{10}Καὶ νῦν βοήσωμεν εἰς τὸν οὐρανὸν, εἴπως ἐλεήσει ἡμᾶς, καὶ μνησθήσεται διαθήκης πατέρων ἡμῶν, καὶ συντρίψει τὴν παρεμβολὴν ταύτην κατὰ πρόσωπον ἡμῶν σήμερον.
34476	ΜΑΚΚΑΒΑΙΩΝ Α 4:28	ἐχομένῳ	ἐρχομένῳ	0.93	Yes	No	\vs{28}Καὶ ἐν τῷ ἐχομένῳ ἐνιαυτῷ συνελόχησεν ὁ Λυσίας ἀνδρῶν ἐπιλέκτων ἑξήκοντα χιλιάδας καὶ πεντακισχιλίαν ἵππον, ὥστε ἐκπολεμῆσαι αὐτούς.
34514	ΜΑΚΚΑΒΑΙΩΝ Α 4:57	ἐνεκαίνισν	ἐνεκαίνισαν	0.95	Yes	No	\vs{57}Καὶ κατεκόσμησαν τὸ κατὰ πρόσωπον τοῦ ναοῦ στεφάνοις χρυσοῖς καὶ ἀσπιδίσκαις, καὶ ἐνεκαίνισν τὰς πύλας καὶ τὰ παστοφόρια, καὶ ἐθύρωσαν αὐτά.
34525	ΜΑΚΚΑΒΑΙΩΝ Α 5:3	Ἀκραβαττίνην	ακραβαττήνην	0.92	Yes	No	\vs{3}Καὶ ἐπολέμει Ἰούδας πρὸς τοὺς υἱοὺς Ἡσαῦ ἐν τῇ Ἰδουμαίᾳ τὴν Ἀκραβαττίνην, ὅτι περιεκάθηντο τὸν Ἰσραὴλ, καὶ ἐπάταξεν αὐτοὺς πληγὴν μεγάλην, καὶ συνέστειλεν αὐτοὺς, καὶ ἔλαβε τὰ σκῦλα αὐτῶν.
34555	ΜΑΚΚΑΒΑΙΩΝ Α 5:26	Χασφὼρ	χασφω	0.91	Yes	No	\vs{26}Καὶ ὅτι πολλοὶ ἐξ αὐτῶν συνειλημμένοι εἰσὶν εἰς Βόσσορα, καὶ Βοσὸρ, ἐν Ἀλέμοις, Χασφὼρ, Μακὲδ, καὶ Καρναΐν· πᾶσαι αἱ πόλεις αὗται ὀχυραὶ καὶ μεγάλαι·
34569	ΜΑΚΚΑΒΑΙΩΝ Α 5:36	Χασφὼν	χασφω	0.91	Yes	No	\vs{36}Ἐκεῖθεν ἀπῇρε, καὶ προκατελάβετο τὴν Χασφὼν, Μακὲδ, Βοσὸρ, καὶ τὰς λοιπὰς πόλεις τῆς Γαλααδίτιδος.
34573	ΜΑΚΚΑΒΑΙΩΝ Α 5:39	μεμίσθωται	μεμίσθωνται	0.95	Yes	No	\vs{39}Καὶ Ἄραβας μεμίσθωται εἰς βοήθειαν αὐτοῖς, καὶ παρενέβαλον πέραν τοῦ χειμάῤῥου ἕτοιμοι τοῦ ἐλθεῖν ἐπὶ σὲ εἰς πόλεμον· καὶ ἐπορεύθη Ἰούδας εἰς συνάντησιν αὐτῶν.
34627	ΜΑΚΚΑΒΑΙΩΝ Α 6:12	ἀργυγᾶ	ἀργυρᾶ	0.83	Yes	No	\vs{12}Νῦν δὲ μιμνήσκομαι τῶν κακῶν ὧν ἐποίησα ἐν Ἱερουσαλὴμ, καὶ ἔλαβον πάντα τὰ σκεύη τὰ χρυσᾶ καὶ τὰ ἀργυγᾶ τὰ ἐν αὐτῇ, καὶ ἐξαπέστειλα ἐξᾶραι τοὺς κατοικοῦντας Ἰούδα διακενῆς.
34642	ΜΑΚΚΑΒΑΙΩΝ Α 6:24	ἀλλοτριοῦνται	ἠλλοτριοῦντο ἀφ	0.81	Yes	No	\vs{24}Καὶ περικάθηνται εἰς τὴν ἄκραν υἱοὶ τοῦ λαοῦ ἡμῶν, χάριν τούτου καὶ ἀλλοτριοῦνται ἀφʼ ἡμῶν· πλὴν ὅσοι εὑρίσκοντο ἀφʼ ἡμῶν ἐθανατοῦντο, καὶ αἱ κληρονομίαι ἡμῶν διηρπάζοντο.
34657	ΜΑΚΚΑΒΑΙΩΝ Α 6:35	ἐκλελεγμένοι	ἐκλελεγμένη	0.87	Yes	No	\vs{35}Καὶ διεῖλον τὰ θηρία εἰς τὰς φάλαγγας, καὶ παρέστησαν ἑκάστῳ ἐλέφαντι χιλίους ἄνδρας τεθωρακισμένους ἐν ἁλυσιδωτοῖς, καὶ περικεφαλαῖαι χαλκαῖ ἐπὶ τῶν κεφαλῶν αὐτῶν, καὶ πεντακόσιοι ἵπποι διατεταγμένοι ἑκάστῳ θηρίῳ ἐκλελεγμένοι.
34664	ΜΑΚΚΑΒΑΙΩΝ Α 6:41	ὁδοιπαρίας	ὁδοιπορίας	0.90	Yes	No	\vs{41}Καὶ ἐσαλεύοντο πάντες οἱ ἀκούοντες φωνῆς πλήθους αὐτῶν, καὶ ὁδοιπαρίας τοῦ πλήθους, καὶ συγκρουσμοῦ τῶν ὅπλων· ἦν γὰρ ἡ παρεμβολὴ μεγάλη σφόδρα καὶ ἰσχυρά.
34667	ΜΑΚΚΑΒΑΙΩΝ Α 6:43	θώρακι	θώραξιν	0.86	Yes	No	\vs{43}Καὶ εἶδεν Ἐλεάζαρ ὁ Σαυαρὰν ἓν τῶν θηρίων τεθωρακισμένον θώρακι βασιλικῷ, καὶ ἦν ὑπεράγον πάντα τὰ θηρία, καὶ ὤφθη ὅτι ἐν αὐτῷ ἐστιν ὁ βασιλεύς.
34762	ΜΑΚΚΑΒΑΙΩΝ Α 8:3	Ἱσπανιας	σπανίας	0.93	Yes	No	\vs{3}καὶ ὅσα ἐποίησαν ἐν χώρᾳ Ἱσπανιας, του κατακρατῆσαι τῶν μετάλλων τοῦ ἀργυρίου καὶ τοῦ χρυσίου τοῦ ἐκεῖ·
34768	ΜΑΚΚΑΒΑΙΩΝ Α 8:8	Αυδίαν	λυδίαν	0.83	Yes	No	\vs{8}καὶ χώραν τὴν Ἰνδικὴν, καὶ Μήδειαν, καὶ Αυδίαν, καὶ ἀπὸ τῶν καλλίστων χωρῶν αὐτῶν, καὶ λαβόντες αὐτὰς παρʼ αὐτοῦ ἔδωκαν αὐτὰς Εὐμένει τῷ βασιλεῖ.
34819	ΜΑΚΚΑΒΑΙΩΝ Α 9:13	συνημένος	συνημμένος	0.95	Yes	No	\vs{13}καὶ ἐσαλεύθη ἡ γῆ ἀπὸ τῆς φωνῆς τῶν παρεμβολῶν· καὶ ἐγένετο ὁ πόλεμος συνημένος ἀπὸ πρωΐθεν ἕως ἑσπέρας.
34833	ΜΑΚΚΑΒΑΙΩΝ Α 9:24	ηὐτομόλησεν	αὐτομόλησεν	0.91	Yes	No	\vs{24}Ἐν ταῖς ἡμέραις ἐκείναις ἐγενήθη λιμὸς μέγας σφόδρα, καὶ ηὐτομόλησεν ἡ χώρα μετʼ αὐτῶν.
34847	ΜΑΚΚΑΒΑΙΩΝ Α 9:35	Ναυαταίους	ναβαταίους	0.90	Yes	No	\vs{35}Καὶ ἀπέστειλεν Ἰωνάθαν τὸν ἀδελφὸν αὐτοῦ ἡγούμενον τοῦ ὄχλου, καὶ παρεκάλεσε τοὺς Ναυαταίους φίλους αὐτοῦ παραθέσθαι αὐτοῖς τὴν ἀποσκευὴν αὐτῶν τὴν πολλήν.
34864	ΜΑΚΚΑΒΑΙΩΝ Α 9:49	διέπεσον	διέπεσαν	0.88	Yes	No	\vs{49}Καὶ διέπεσον παρὰ Βακχίδου τῇ ἡμέρᾳ ἐκείνῃ εἰς χιλίους ἄνδρας.
34947	ΜΑΚΚΑΒΑΙΩΝ Α 10:39	προσήκουσαν	προσκυροῦσαν	0.87	Yes	No	\vs{39}Πτολεμαΐδα καὶ τὴν προσκυροῦσαν αὐτῇ δέδωκα δόμα τοῖς ἁγίοις τοῖς ἐν Ἰερουσαλὴμ εἰς τὴν προσήκουσαν δαπάνην τοῖς ἁγίοις.
34952	ΜΑΚΚΑΒΑΙΩΝ Α 10:43	ὀφείλοντες	ὀφείλοντος	0.90	No	No	\vs{43}Καὶ ὅσοι ἐὰν φύγωσιν εἰς τὸ ἱερὸν τὸ ἐν Ἱεροσολύμοις καὶ ἐν πᾶσι τοῖς ὁρίοις αὐτοῦ, ὀφείλοντες βασιλικὰ καὶ πᾶν πρᾶγμα, ἀπολελύσθωσαν, καὶ πάντα ὅσα ἐστὶν αὐτοῖς ἐν τῇ βασιλείᾳ μου.
35064	ΜΑΚΚΑΒΑΙΩΝ Α 11:34	Λύδδαν	λυδδα	0.91	Yes	No	\vs{34}Ἑστάκαμεν οὖν αὐτοῖς τὰ τε ὅρια τῆς Ἰουδαίας, καὶ τοὺς τρεῖς νομοὺς, Ἀφαίρεμα, καὶ Λύδδαν, καὶ Ῥαμαθὲμ, αἵτινες προσετέθησαν τῇ Ἰουδαίᾳ ἀπὸ τῆς Σαμαρείτιδος, καὶ πάντα τὰ συγκυροῦντα αὐτοῖς πᾶσι τοῖς θυσιάζουσιν εἰς Ἱεροσόλυμα, ἀντὶ τῶν βασιλικῶν ὧν ἐλάμβανεν ὁ βασιλεὺς παρʼ αὐτῶν τοπρότερον κατʼ ἐνιαυτὸν ἀπὸ τῶν γεννημάτων τῆς γῆς, καὶ ἀπὸ τῶν ἀκροδρύων.
35064	ΜΑΚΚΑΒΑΙΩΝ Α 11:34	Ῥαμαθὲμ	ραμαθ	0.83	No	No	\vs{34}Ἑστάκαμεν οὖν αὐτοῖς τὰ τε ὅρια τῆς Ἰουδαίας, καὶ τοὺς τρεῖς νομοὺς, Ἀφαίρεμα, καὶ Λύδδαν, καὶ Ῥαμαθὲμ, αἵτινες προσετέθησαν τῇ Ἰουδαίᾳ ἀπὸ τῆς Σαμαρείτιδος, καὶ πάντα τὰ συγκυροῦντα αὐτοῖς πᾶσι τοῖς θυσιάζουσιν εἰς Ἱεροσόλυμα, ἀντὶ τῶν βασιλικῶν ὧν ἐλάμβανεν ὁ βασιλεὺς παρʼ αὐτῶν τοπρότερον κατʼ ἐνιαυτὸν ἀπὸ τῶν γεννημάτων τῆς γῆς, καὶ ἀπὸ τῶν ἀκροδρύων.
35066	ΜΑΚΚΑΒΑΙΩΝ Α 11:35	ἐπαρκῶς	πεπρακὼς	0.80	No	No	\vs{35}Καὶ τὰ ἄλλα τὰ ἀνήκοντα ἡμῖν ἀπὸ τοῦ νῦν τῶν δεκατῶν, καὶ τῶν τελῶν τῶν ἀνηκόντων ἡμῖν, καὶ τὰς τοῦ ἁλὸς λίμνας, καὶ τοὺς ἀνήκοντας ἡμῖν στεφάνους, πάντα ἐπαρκῶς παρίεμεν αὐτοῖς.
35066	ΜΑΚΚΑΒΑΙΩΝ Α 11:35	παρίεμεν	πάρεσμεν	0.88	No	No	\vs{35}Καὶ τὰ ἄλλα τὰ ἀνήκοντα ἡμῖν ἀπὸ τοῦ νῦν τῶν δεκατῶν, καὶ τῶν τελῶν τῶν ἀνηκόντων ἡμῖν, καὶ τὰς τοῦ ἁλὸς λίμνας, καὶ τοὺς ἀνήκοντας ἡμῖν στεφάνους, πάντα ἐπαρκῶς παρίεμεν αὐτοῖς.
35073	ΜΑΚΚΑΒΑΙΩΝ Α 11:39	Εἰμαλκουαὶ	εἰσακοῦσαι	0.80	No	No	\vs{39}Τρύφων δὲ ἦν τῶν παρὰ Ἀλεξάνδρου τοπρότερον, καὶ εἶδεν ὅτι πᾶσαι αἱ δυνάμεις καταγογγύζουσι τοῦ Δημητρίου, καὶ ἐπορεύθη πρὸς Εἰμαλκουαὶ τὸν Ἄραβα, ὃς ἔτρεφε τὸν Ἀντίοχον τὸ παιδάριον τὸ τοῦ Ἀλεξάνδρου·
35095	ΜΑΚΚΑΒΑΙΩΝ Α 11:55	ἀπεσκόρπισε	ἀπεσκοράκισεν	0.83	Yes	No	\vs{55}Καὶ ἐπισυνήχθησαν πρὸς αὐτὸν πᾶσαι αἱ δυνάμεις ἃς ἀπεσκόρπισε Δημήτριος, καὶ ἐπολέμησαν πρὸς αὐτὸν, καὶ ἔφυγε καὶ ἐτροπώθη.
35116	ΜΑΚΚΑΒΑΙΩΝ Α 11:70	Ἀβεσσαλώμου	αβεσσαλωμ	0.90	No	No	\vs{70}οὐδὲ εἷς κατελείφθη ἀπʼ αὐτῶν, πλὴν Ματταθίας ὁ τοῦ Ἀβεσσαλώμου, καὶ Ἰούδας ὁ τοῦ Χαλφί, ἄρχοντες τῆς στρατιᾶς τῶν δυνάμεων.
35146	ΜΑΚΚΑΒΑΙΩΝ Α 12:16	ἀνενεώσασθαι	ἀνανεώσασθαι	0.92	Yes	No	\vs{16}Ἐπελέξαμεν οὖν Νουμήνιον Ἀντιόχου καὶ Ἀντίπατρον Ἰάσωνος, καὶ ἀπεστάλκαμεν πρὸς Ῥωμαίους ἀνενεώσασθαι τὴν πρὸς αὐτοὺς φιλίαν καὶ συμμαχίαν τὴν προτέραν.
35150	ΜΑΚΚΑΒΑΙΩΝ Α 12:19	Ὀνιάρης	ὀνείᾳ ἄρης	0.88	No	Yes	\vs{19}Καὶ τοῦτο τὸ ἀντίγραφον τῶν ἐπιστολῶν ὧν ἀπέστειλεν. Ὀνιάρης
35161	ΜΑΚΚΑΒΑΙΩΝ Α 12:27	ἐπέταζεν	ἐπέταξεν	0.88	Yes	No	\vs{27}Ὡς δὲ ἔδυ ὁ ἥλιος, ἐπέταζεν Ἰωνάθαν τοῖς παρʼ αὐτοῦ γρηγορεῖν, καὶ εἶναι ἐπὶ τοῖς ὅπλοις, καὶ ἑτοιμάζεσθαι εἰς πόλεμον διʼ ὅλης τῆς νυκτὸς, καὶ ἐξέβαλε προφύλακας κύκλῳ τῆς παρεμβολῆς.
35166	ΜΑΚΚΑΒΑΙΩΝ Α 12:31	Ζαβεδαίους	ζαβαδαίους	0.90	Yes	No	\vs{31}Καὶ ἐξέκλινεν Ἰωνάθαν ἐπὶ τοὺς Ἄραβας τοὺς καλουμένους Ζαβεδαίους, καὶ ἐπάταξεν αὐτούς, καὶ ἔλαβε τὰ σκῦλα αὐτῶν.
35172	ΜΑΚΚΑΒΑΙΩΝ Α 12:35	ὀξυρώματα	ὀχυρώματα	0.89	Yes	No	\vs{35}Καὶ ἐπέστρεψεν Ἰωνάθαν, καὶ ἐξεκκλησίασε τοὺς πρεσβυτέρους τοῦ λαοῦ, καὶ ἐβουλεύσατο μετʼ αὐτῶν τοῦ οἰκοδομῆσαι ὀξυρώματα ἐν τῇ Ἰουδαίᾳ,
35174	ΜΑΚΚΑΒΑΙΩΝ Α 12:37	ἐπεσκεύασαν	ἐπεσκεύασεν	0.91	Yes	No	\vs{37}Καὶ συνήχθησαν τοῦ οἰκοδομεῖν τὴν πόλιν, καὶ ἤγγισε τοῦ τείχους τοῦ χειμάῤῥου τοῦ ἐξ ἀπηλιώτου, καὶ ἐπεσκεύασαν τὸ καλούμενον Χαφεναθά.
35209	ΜΑΚΚΑΒΑΙΩΝ Α 13:7	ἀνεζωοπύρησε	ἀνεζωπύρησεν	0.92	Yes	No	\vs{7}Καὶ ἀνεζωοπύρησε τὸ πνεῦμα τοῦ λαοῦ ἅμα τῷ ἀκοῦσαι τῶν λόγων τούτων,
35214	ΜΑΚΚΑΒΑΙΩΝ Α 13:11	Ἀβεσσαλώμου	αβεσσαλωμ	0.90	No	No	\vs{11}Καὶ ἀπέστειλεν Ἰωνάθαν τὸν τοῦ Ἀβεσσαλώμου καὶ μετʼ αὐτοῦ δύναμιν ἱκανὴν εἰς Ἰόππην, καὶ ἐξέβαλε τοὺς ὄντας ἐν αὐτῇ, καὶ ἔμεινεν ἐκεῖ ἐν αὐτῇ.
35227	ΜΑΚΚΑΒΑΙΩΝ Α 13:20	ἐμβατεῦσααι	ἐμβατεῦσαι	0.95	Yes	No	\vs{20}Καὶ μετὰ ταῦτα ἦλθε Τρύφων τοῦ ἐμβατεῦσααι εἰς τὴν χώραν, καὶ ἐκτρίψαι αὐτὴν, καὶ ἐκύκλωσεν ὁδὸν τὴν εἰς Ἄδωρα· καὶ Σίμων καὶ ἡ παρεμβολὴ αὐτοῦ ἀντιπαρῆγεν αὐτῷ εἰς πάντα τόπον οὗ ἂν ἐπορεύετο.
35229	ΜΑΚΚΑΒΑΙΩΝ Α 13:21	προὺς	πρὸς	0.89	Yes	No	\vs{21}Οἱ δὲ ἐκ τῆς ἄκρας ἀπέστελλον πρὸς Τρύφωνα πρεσβευτὰς κατασπεύδοντας αὐτὸν τοῦ ἐλθεῖν προὺς αὐτὸν διὰ τῆς ἐρήμου, καὶ· ἀποστεῖλαι αὐτοῖς τροφάς.
35251	ΜΑΚΚΑΒΑΙΩΝ Α 13:38	ἑστήκαμεν	ἐστήσαμεν	0.89	Yes	No	\vs{38}Καὶ ὅσα ἑστήκαμεν πρὸς ὑμᾶς ἔστηκε, καὶ τὰ ὀχυρώματα ἃ ᾠκοδομήκατε ὑπαρχέτω ὑμῖν.
35258	ΜΑΚΚΑΒΑΙΩΝ Α 13:43	ἑλεπόλεις	ἑλέπολιν	0.82	Yes	No	\vs{43}Ἐν ταῖς ἡμέραις ἐκείναις παρενέβαλε Σίμων ἐπὶ Γάζαν, καὶ ἐκύκλωσεν αὐτὴν παρεμβολαῖς, καὶ ἐποίησεν ἑλεπόλεις καὶ προσήγαγε τῇ πόλει, καὶ ἐπάταξε πύργον ἕνα καὶ κατελάβετο.
35330	ΜΑΚΚΑΒΑΙΩΝ Α 14:42	μέλοι	μέλι	0.89	No	No	\vs{42}καὶ τοῦ εἶναι ἐπʼ αὐτῶν στρατηγόν, καὶ ὅπως μέλοι αὐτῷ περὶ τῶν ἁγίων καθιστάναι αὐτοὺς ἐπὶ τῶν ἔργων αὐτῶν καὶ ἐπὶ τῆς χώρας, καὶ ἐπὶ τῶν ὅπλων, καὶ ἐπὶ τῶν ὀχυρωμάτων·
35331	ΜΑΚΚΑΒΑΙΩΝ Α 14:43	μέλοι	μέλι	0.89	No	No	\vs{43}καὶ ὅπως μέλοι αὐτῷ περὶ τῶν ἁγίων, καὶ ὅπως ἀκούηται ὑπὸ πάντων, καὶ ὅπως γράφωνται ἐπὶ τῷ ὀνόματι αὐτοῦ πᾶσαι συγγραφαὶ ἐν τῇ χώρᾳ, καὶ ὅπως περιβάληται πορφύραν, καὶ χρυσοφορῇ.
35354	ΜΑΚΚΑΒΑΙΩΝ Α 15:10	δυνάσεις	δυνάμεις	0.88	Yes	No	\vs{10}Ἔτους τετάρτου καὶ ἑβδομηκοστοῦ καὶ ἑκατοστοῦ ἐξῆλθεν Ἀντίοχος εἰς τὴν γῆν πατέρων αὐτοῦ, καὶ συνῆλθον πρὸς αὐτὸν πᾶσαι αἱ δυνάσεις, ὥστε ὀλίγους εἶναι τσὺς καταλειφθέντας σὺν Τρύφωνι.
35354	ΜΑΚΚΑΒΑΙΩΝ Α 15:10	τσὺς	σῦς	0.86	No	No	\vs{10}Ἔτους τετάρτου καὶ ἑβδομηκοστοῦ καὶ ἑκατοστοῦ ἐξῆλθεν Ἀντίοχος εἰς τὴν γῆν πατέρων αὐτοῦ, καὶ συνῆλθον πρὸς αὐτὸν πᾶσαι αἱ δυνάσεις, ὥστε ὀλίγους εἶναι τσὺς καταλειφθέντας σὺν Τρύφωνι.
35367	ΜΑΚΚΑΒΑΙΩΝ Α 15:19	συμμαχήσωσι	συμμαχῶσιν	0.86	Yes	No	\vs{19}Ἤρεσεν οὖν ἡμῖν γράψαι τοῖς βασιλεῦσι, καὶ ταῖς χώραις, ὅπως μὴ ἐκζητήσωσιν αὐτοῖς, κακὰ καὶ μὴ πολεμήσωσιν αὐτοὺς, καὶ τὰς πόλεις αὐτῶν, καὶ τὴν χώραν αὐτῶν, καὶ ἵνα μὴ συμμαχήσωσι τοῖς πολεμοῦσιν αὐτούς.
35392	ΜΑΚΚΑΒΑΙΩΝ Α 15:37	Ὀρθωσιάδα	ὀρθωσίαν	0.82	Yes	No	\vs{37}Τρύφων δὲ ἐμβὰς εἰς πλοῖον ἔφυγεν εἰς Ὀρθωσιάδα.
35406	ΜΑΚΚΑΒΑΙΩΝ Α 16:4	ἐπορεύθωσαν	ἐπορεύθησαν	0.91	Yes	No	\vs{4}Καὶ ἐπέλεξεν ἐκ τῆς χώρας εἴκοσι χιλιάδας ἀνδρῶν πολεμιστῶν, καὶ ἱππεῖς, καὶ ἐπορεύθωσαν ἐπὶ τὸν Κενδεβαῖον, καὶ ἐκοιμήθησαν ἐν Μωδεΐν.
35412	ΜΑΚΚΑΒΑΙΩΝ Α 16:8	ἱεραῖς	μιεραῖς	0.92	No	No	\vs{8}Καὶ ἐσάλπισαν ταῖς ἱεραῖς σάλπιγξι, καὶ ἐτροπώθη Κενδεβαῖος καὶ ἡ παρεμβολὴ αὐτοῦ, καὶ ἔπεσον ἐξ αὐτῶν τραυματίαι πολλοί· οἱ δὲ καταλειφθέντες ἔφυγον εἰς τὸ ὀχύρωμα.
35451	ΜΑΚΚΑΒΑΙΩΝ Β 1:7	γεγραφήκαμεν	γεγράφαμεν	0.91	Yes	No	\vs{7}Βασιλεύοντος Δημητρίου ἔτους ἑκατοστοῦ ἑξηκοστοῦ ἐννατου, ἡμεῖς ὁ Ιουδαῖοι γεγραφήκαμεν ὑμῖν ἐν τῇ θλίψει, καὶ ἐν τῇ ἀκμῇ τῇ ἐπελθούσῃ ἡμῖν ἐν τοῖς ἔτεσι τούτοις, ἀφʼ οὗ ἀπέστη Ἰάσων καὶ οἱ μετʼ αὐτοῦ ἀπὸ τῆς ἁγίας γῆς, καὶ τῆς βασιλείας·
35462	ΜΑΚΚΑΒΑΙΩΝ Β 1:15	Ναναίος	ναναίου	0.86	Yes	No	\vs{15}Καὶ προθέντων αὐτὰ τῶν ἱερέων τῆς Ναναίος, κᾀκείνου προσελθόντος μετʼ ὀλίγων εἰς τὸν περίβολον τοῦ τεμένους, συγκλείσαντες τὸ ἱερὸν, ὡς εἰσῆλθεν Ἀντίοχος,
35487	ΜΑΚΚΑΒΑΙΩΝ Β 1:33	ἄπέκρυψαν	ἔκρυψαν	0.88	Yes	No	\vs{33}Ὡς δὲ φανερὸν ἐγενήθη τὸ πρᾶγμα, καὶ διηγγέλη τῷ βασιλεῖ τῶν Περσῶν, ὅτι εἰς τὸν τόπον οὗ τὸ πῦρ ἄπέκρυψαν οἱ μεταχθέντες ἱερεῖς, τὸ ὕδωρ ἐφάνη, ἀφʼ οὗ καὶ οἱ περὶ τὸν Νεεμίαν ἥγνισαν τὰ τῆς θυσίας.
35494	ΜΑΚΚΑΒΑΙΩΝ Β 2:1	μεταγινομένους	μεταγενομένους	0.93	Yes	No	Εὑρίσκεται δὲ ἐν ταῖς ἀπογραφαῖς Ἱερεμίας ὁ προφήτης, ὅτι ἐκέλευσε τοῦ πυρὸς λαβεῖν τοὺς μεταγινομένους, ὡς σεσήμανται,
35501	ΜΑΚΚΑΒΑΙΩΝ Β 2:6	ἐπισημῄνασθαι	ἐπισημάνασθαι	0.92	Yes	No	\vs{6}Καὶ προσελθόντες τινὲς τῶν συνακολουθούντων ὥστε ἐπισημῄνασθαι τὴν ὁδὸν, καὶ οὐκ ἠδυνήθησαν εὑρεῖν.
35542	ΜΑΚΚΑΒΑΙΩΝ Β 3:6	ἐναρίθμητον	ἀναρίθμητον	0.91	Yes	No	\vs{6}Καὶ προσήγγειλε περὶ τοῦ χρημάτων ἀμυθήτων γέμειν τὸ ἐν Ἱεροσολύμοις γαζοφυλάκιον, ὥστε τὸ πλῆθος τῶν διαφόρων ἐναρίθμητον εἶναι, καὶ μὴ προσήκειν αὐτὰ πρὸς τὸν τῶν θυσιῶν λόγον, εἶναι δὲ δυνατὸν ὑπὸ τὴν τοῦ βασιλέως ἐξουσίαν πεσεῖν ἅπαντα ταῦτα.
35545	ΜΑΚΚΑΒΑΙΩΝ Β 3:8	παρείαν	πορείαν	0.86	Yes	No	\vs{8}Εὐθέως δὲ ὁ Ἡλιόδωρος ἐποιεῖτο τὴν παρείαν, τῇ μὲν ἐμφάσει ὡς τὰς κατὰ κοίλην Συρίαν καὶ Φοινίκην πόλεις ἐφοδεύσων, τῷ πράγματι δὲ τὴν τοῦ βασιλέως πρόθεσιν ἐπιτελέσων.
35545	ΜΑΚΚΑΒΑΙΩΝ Β 3:8	ἐφοδεύσων	ἐφοδεῦσαι τῷ	0.80	Yes	No	\vs{8}Εὐθέως δὲ ὁ Ἡλιόδωρος ἐποιεῖτο τὴν παρείαν, τῇ μὲν ἐμφάσει ὡς τὰς κατὰ κοίλην Συρίαν καὶ Φοινίκην πόλεις ἐφοδεύσων, τῷ πράγματι δὲ τὴν τοῦ βασιλέως πρόθεσιν ἐπιτελέσων.
35545	ΜΑΚΚΑΒΑΙΩΝ Β 3:8	ἐπιτελέσων	ἐπιτελεῖν	0.84	Yes	No	\vs{8}Εὐθέως δὲ ὁ Ἡλιόδωρος ἐποιεῖτο τὴν παρείαν, τῇ μὲν ἐμφάσει ὡς τὰς κατὰ κοίλην Συρίαν καὶ Φοινίκην πόλεις ἐφοδεύσων, τῷ πράγματι δὲ τὴν τοῦ βασιλέως πρόθεσιν ἐπιτελέσων.
35549	ΜΑΚΚΑΒΑΙΩΝ Β 3:10	παραθήκας	παραθήκῃ	0.82	No	No	\vs{10}Τοῦ δὲ ἀρχιερέως ὑποδείξαντος παραθήκας εἶναι χηρῶν τε καὶ ὀρφανῶν,
35555	ΜΑΚΚΑΒΑΙΩΝ Β 3:15	παραθήκης	παραθήκῃ	0.94	No	No	\vs{15}Οἱ δὲ ἱερεῖς πρὸ τοῦ θυσιαστηρίου ἐν ταῖς ἱερατικαῖς στολαῖς ῥίψαντες ἑαυτοὺς, ἐπεκαλοῦντο εἰς οὐρανὸν τὸν περὶ παραθήκης νομοθετήσαντα τοῖς παρακαταθεμένοις ταῦτα σῶα διαφυλάξαι.
35561	ΜΑΚΚΑΒΑΙΩΝ Β 3:19	ἐπλήθυον	ἐπλήθυνον	0.94	Yes	No	\vs{19}Ὑπεζωσμέναι δὲ ὑπὸ τοὺς μαστοὺς αἱ γυναῖκες σάκκους κατὰ τὰς ὁδοὺς ἐπλήθυον· αἱ δὲ κατάκλειστοι τῶν παρθένων, αἱ μὲν συνέτρεχον ἐπὶ τοὺς πυλῶνας, αἱ δὲ ἐπὶ τὰ τείχη, τινὲς δὲ διὰ τῶν θυρίδων διεξέκυπτον.
35564	ΜΑΚΚΑΒΑΙΩΝ Β 3:21	διαγωνιῶντος	ἀγωνιῶντος	0.91	Yes	No	\vs{21}Ἐλεεῖν δʼ ἦν τὴν τοῦ πλήθους παμμιγῆ πρόπτωσιν, τήν τε τοῦ μεγάλως διαγωνιῶντος ἀρχιερέως προσδοκίαν.
35565	ΜΑΚΚΑΒΑΙΩΝ Β 3:22	διαφυλάγγειν	διαφυλάσσειν	0.83	Yes	No	\vs{22}Οἱ μὲν οὖν ἐπεκαλοῦντο τὸν παντοκράτορα Θεὸν τὰ πεπιστευμένα τοῖς πεπιστευκόσι σῶα διαφυλάγγειν μετὰ πάσης ἀσφαλείας.
35579	ΜΑΚΚΑΒΑΙΩΝ Β 3:31	χαρίσασθι	χαρίσασθαι	0.95	Yes	No	\vs{31}Ταχὺ δέ τινες τῶν τοῦ Ἡλιοδώρου συνήθων ἠξίουν τὸν Ὀνίαν ἐπικαλέσασθαι τὸν ὕψιστον, καὶ τὸ ζῇν χαρίσασθι τῷ παντελῶς ἐν ἐσχάτῃ πνοῇ κειμένῳ.
35599	ΜΑΚΚΑΒΑΙΩΝ Β 4:4	μαίνεσθαι	μιαίνεσθαι	0.95	No	No	\vs{4}συνορῶν ὁ Ὀνίας τὸ χαλεπὸν τῆς φιλονεικίας, καὶ Ἀπολλώνιον μαίνεσθαι, ὡς τὸν κοίλης Συρίας καὶ Φοινίκης στρατηγὸν, συναύξοντα τὴν κακίαν τοῦ Σίμωνος,
35600	ΜΑΚΚΑΒΑΙΩΝ Β 4:5	συμφέρον	σύμφορον	0.88	Yes	No	\vs{5}ὡς τὸν βασιλέα διεκομίσθη, οὐ γινόμενος τῶν πολιτῶν κατήγορος, τὸ δὲ συμφέρον κοινῇ κατʼ ἰδίαν παντὶ τῷ πλήθει σκοπῶν.
35604	ΜΑΚΚΑΒΑΙΩΝ Β 4:8	ἀργυοίου	ἀργυρίου	0.88	Yes	No	\vs{8}ἐπαγγειλάμενος τῷ βασιλεῖ διʼ ἐντεύξεως ἀργυοίου τάλαντα ἑξήκοντα πρὸς τοῖς τριακοσίοις, καὶ προσόδου τινὸς ἄλλης τάλαντα ὀγδοήκοντα,
35605	ΜΑΚΚΑΒΑΙΩΝ Β 4:9	διαγράψαι	διαγράφειν	0.80	Yes	No	\vs{9}πρὸς δὲ τούτοις ὑπισχνεῖτο καὶ ἕτερα διαγράψαι πεντήκοντα πρὸς τοῖς ἑκατόν, ἐὰν συγχωρηθῇ διὰ τῆς ἐξουσίας αὐτοῦ, γυμνάσιον καὶ ἐφηβίαν αὐτῷ συστήσασθαι, καὶ τοὺς ἐν Ἰεροσολύμοις Ἀντιοχεῖς ἀναγράψαι.
35606	ΜΑΚΚΑΒΑΙΩΝ Β 4:10	μετῆγε	μετήγαγεν	0.88	No	No	\vs{10}Ἐπινεύσαντος δὲ τοῦ βασιλέως, καὶ τῆς ἀρχῆς κρατήσας, εὐθέως ἐπὶ τὸν Ἑλληνικὸν χαρακτῆρα τοὺς ὁμοφύλους μετῆγε.
35608	ΜΑΚΚΑΒΑΙΩΝ Β 4:11	παρώσατο	παρώσας	0.80	Yes	No	\vs{11}Καὶ τὰ κείμενα τοῖς Ἰουδαίοις φιλάνθρωπα βασιλικὰ διὰ Ἰωάννου τοῦ πατρὸς Εὐπολέμου, τοῦ ποιησαμένου τὴν πρεσβείαν ὑπὲρ φιλίας καὶ συμμαχίας πρὸς τοὺς Ῥωμαίους, παρώσατο· καὶ τὰς μὲν νομίμους καταλύων πολιτείας, παρανόμους ἐθισμοὺς ἐκαίνιζεν.
35612	ΜΑΚΚΑΒΑΙΩΝ Β 4:14	παλαίστρᾳ	παλαίστρῃ	0.89	Yes	No	\vs{14}ὥστε μηκέτι περὶ τὰς τοῦ θυσιαστηρίου λειτουργίας προθύμους εἶναι τοὺς ἱερεῖς, ἀλλὰ τοῦ μὲν ναοῦ καταφρονοῦντες, καὶ τῶν θυσιῶν ἀμελοῦντες ἔσπευδον μετέχειν τῆς ἐν παλαίστρᾳ παρανόμου χορηγίας, μετὰ τὴν τοῦ δίσκου πρόκλησιν.
35615	ΜΑΚΚΑΒΑΙΩΝ Β 4:16	καθάπαν	καθ᾿ ἅπαν	0.93	Yes	No	\vs{16}Ὧν χάριν περιέσχεν αὐτοὺς χαλεπὴ περίστασις, καὶ ὧν ἐζήλουν τὰς ἀγωγὰς, καὶ καθάπαν ἤθελον ἐξομοιοῦσθαι, τούτους πολεμίους καὶ τιμωρητὰς ἔσχον.
35623	ΜΑΚΚΑΒΑΙΩΝ Β 4:22	παραδεχθεὶς	παραδειχθέν	0.82	No	No	\vs{22}Μεγαλοπρεπῶς δὲ ὑπὸ τοῦ Ἰάσωνος καὶ τῆς πόλεως παραδεχθεὶς, μετὰ δᾳδουχίας καὶ βοῶν εἰσπεπόρευται εἶθʼ οὕτως εἰς τὴν Φοινίκην κατεστρατοπέδευσε.
35623	ΜΑΚΚΑΒΑΙΩΝ Β 4:22	εἰσπεπόρευται	εἰσπεπόρευνται	0.96	No	No	\vs{22}Μεγαλοπρεπῶς δὲ ὑπὸ τοῦ Ἰάσωνος καὶ τῆς πόλεως παραδεχθεὶς, μετὰ δᾳδουχίας καὶ βοῶν εἰσπεπόρευται εἶθʼ οὕτως εἰς τὴν Φοινίκην κατεστρατοπέδευσε.
35639	ΜΑΚΚΑΒΑΙΩΝ Β 4:33	παρήλεγχεν	ἀπήλεγχεν	0.84	Yes	No	\vs{33}Ἃ καὶ σαφῶς ἐπεγνωκὼς ὁ Ὀνίας, παρήλεγχεν ἀποκεχωρηκὼς εἰς ἄσυλον τόπον, ἐπὶ Δάφνης τῆς πρὸς Ἀντιόχειαν κειμένης.
35644	ΜΑΚΚΑΒΑΙΩΝ Β 4:36	συμισοπονηρούντων	συμμισοπονηρούντων	0.97	Yes	No	\vs{36}Τοῦ δὲ βασιλέως ἐπανελθόντος ἀπὸ τῶν κατὰ Κιλικίαν τόπων, ἐνετύγχανον οἱ κατὰ πόλιν Ἰουδαῖοι συμισοπονηρούντων καὶ τῶν Ἑλλήνων, ὑπὲρ τοῦ παρὰ λόγον τὸν Ὀνίαν ἀπεκτάνθαι.
35644	ΜΑΚΚΑΒΑΙΩΝ Β 4:36	ἀπεκτάνθαι	ἀπεκτονῆσθαι	0.82	Yes	No	\vs{36}Τοῦ δὲ βασιλέως ἐπανελθόντος ἀπὸ τῶν κατὰ Κιλικίαν τόπων, ἐνετύγχανον οἱ κατὰ πόλιν Ἰουδαῖοι συμισοπονηρούντων καὶ τῶν Ἑλλήνων, ὑπὲρ τοῦ παρὰ λόγον τὸν Ὀνίαν ἀπεκτάνθαι.
35659	ΜΑΚΚΑΒΑΙΩΝ Β 4:47	κατηγορημάτων	κατηγορημένων	0.85	Yes	No	\vs{47}Καὶ τὸν μὲν τῆς ὅλης κακίας αἴτιον Μενέλαον ἀπέλυσε τῶν κατηγορημάτων, τοῖς δὲ ταλαιπώροις, οἵτινες εἰ καὶ ἐπὶ Σκυθῶν ἔλεγον, ἀπελύθησαν ἄν ἀκατάγνωστοι, τούτοις θάνατον ἐπέκρινε.
35661	ΜΑΚΚΑΒΑΙΩΝ Β 4:48	προαγορεύσαντες	προηγορήσαντες	0.83	Yes	No	\vs{48}Ταχέως οὖν τὴν ἄδικον ζημίαν ὑπέσχον οἱ ὑπὲρ πόλεως καὶ δήμων καὶ τῶν ἱερῶν σκευῶν προαγορεύσαντες.
35675	ΜΑΚΚΑΒΑΙΩΝ Β 5:8	συνεβράσθη	συνεκλάσθη	0.80	No	No	\vs{8}Πέρας οὖν κακῆς ἀναστροφῆς ἔτυχεν ἐγκλεισθεὶς πρὸς Ἀρέταν τὸν τῶν Ἀράβων τύραννον, πόλιν ἐκ πόλεως φεύγων, διωκόμενος ὑπὸ πάντων, καὶ στυγούμενος ὡς τῶν νόμων ἀποστάτης, καὶ βδελυσσόμενος ὡς πατρίδος καὶ πολιτῶν δήμιος, εἰς Αἴγυπτον συνεβράσθη.
35679	ΜΑΚΚΑΒΑΙΩΝ Β 5:11	δορυάλωτον	δοριάλωτον	0.90	Yes	No	\vs{11}Προσπεσόντων δὲ τῷ βασιλεῖ περὶ τῶν γεγονότων, διέλαβεν ἀποστατεῖν τὴν Ἰουδαίαν· ὅθεν ἀναζεύξας ἐξ Αἰγύπτου τεθηριωμένος τῇ ψυχῇ, ἔλαβε τὴν μὲν πόλιν δορυάλωτον.
35681	ΜΑΚΚΑΒΑΙΩΝ Β 5:13	ἀναιρέσιες	ἀναίρεσις	0.95	Yes	No	\vs{13}Ἐγίνοντο δὲ νέων καὶ πρεσβυτέρων ἀναιρέσιες, ἀνδρῶν τε καὶ γυναικῶν καὶ τέκνων ἀφανισμὸς, παρθένων τε καὶ νηπίων σφαγαί.
35702	ΜΑΚΚΑΒΑΙΩΝ Β 5:27	διατέλουν	διετέλουν	0.89	Yes	No	\vs{27}Ἰούδας δὲ ὁ Μακκαβαῖος δέκατός που γενηθεὶς, καὶ ἀναχωρήσας εἰς τὴν ἔρημον, θηρίων τρόπον ἐν τοῖς ὄρεσι διέζη σὺν τοῖς μετʼ αὐτοῦ, καὶ τὴν χορτώδη τροφὴν σιτούμενοι διατέλουν, πρὸς τὸ μὴ μετασχεῖν τοῦ μολυσμοῦ
35705	ΜΑΚΚΑΒΑΙΩΝ Β 6:1	πατρῴων	πατρίων	0.86	Yes	No	Μετʼ οὐ πολὺν δὲ χρόνον ἐξαπέστειλεν ὁ βασιλεὺς γέροντα Ἀθηναῖον, ἀναγκάζειν τοὺς Ἰουδαίους μεταβαίνειν ἐκ τῶν πατρῴων νόμων, καὶ τοῖς τοῦ Θεοῦ νόμοις μὴ πολιτεύεσθαι,
35715	ΜΑΚΚΑΒΑΙΩΝ Β 6:8	Πτολεμαίων	πτολεμαίου	0.80	Yes	No	\vs{8}Ψήφισμα δὲ ἐξέπεσεν εἰς τὰς ἀστυγείτονας πόλεις Ἑλληνίδας, Πτολεμαίων ὑποτιθεμένων τὴν αὐτὴν ἀγωγὴν κατὰ τῶν Ἰουδαίων, ἄγειν καὶ σπλαγχνίζειν·
35715	ΜΑΚΚΑΒΑΙΩΝ Β 6:8	ὑποτιθεμένων	προστιθεμένων	0.88	No	No	\vs{8}Ψήφισμα δὲ ἐξέπεσεν εἰς τὰς ἀστυγείτονας πόλεις Ἑλληνίδας, Πτολεμαίων ὑποτιθεμένων τὴν αὐτὴν ἀγωγὴν κατὰ τῶν Ἰουδαίων, ἄγειν καὶ σπλαγχνίζειν·
35718	ΜΑΚΚΑΒΑΙΩΝ Β 6:10	ἀνηνέγθησαν	ἀνήχθησαν	0.80	Yes	No	\vs{10}Δύο γὰρ γυναῖκες ἀνηνέγθησαν περιτετμηκυῖαι τὰ τέκνα αὐτῶν· τούτων δὲ ἐκ τῶν μαστῶν κρεμάσαντες τὰ βρέφη, καὶ δημοσίᾳ περιαγαγόντες αὐτὰς τὴν πόλιν, κατὰ τοῦ τείχους ἐκρήμνισαν.
35721	ΜΑΚΚΑΒΑΙΩΝ Β 6:12	εὖναι	εἶναι	0.80	Yes	No	\vs{12}Παρακαλῶ οὖν τοὺς ἐντυγχάνοντας τῇδε τῇ βίβλῳ, μὴ συστέλλεσθαι διὰ τὰς συμφορὰς, λογίζεσθαι δὲ τὰς τιμωρίας μὴ πρὸς ὄλεθρον, ἀλλὰ πρὸς παιδείαν τοῦ γένους ἡμῶν εὖναι.
35729	ΜΑΚΚΑΒΑΙΩΝ Β 6:18	τυγχάνων	ἐτύγχανον	0.82	No	Yes	\vs{18}Ἐλεάζαρός τις τῶν πρωτευόντων γραμματέων, ἀνὴρ ἤδη προβεβηκὼς τὴν ἡλικίαν, καὶ τὴν πρόσοψιν τοῦ προσώπου κάλλιστος τυγχάνων, ἀναχανὼν ἠναγκάζετο φαγεῖν ὕειον κρέας.
35731	ΜΑΚΚΑΒΑΙΩΝ Β 6:20	ἀμύνεσθαι	ἀμύνασθαι	0.89	Yes	No	\vs{20}προπτύσας δέ, καθʼ ὃν ἔδει τρόπον προσέρχεσθαι τοὺς ὑπομένοντας ἀμύνεσθαι, ὧν οὐ θέμις γεύσασθαι διὰ τὴν πρὸς τὸ ζῇν φιλοστοργίαν.
35733	ΜΑΚΚΑΒΑΙΩΝ Β 6:21	χρήσασθαι	χρᾶσθαι	0.88	Yes	No	\vs{21}Οἱ δὲ πρὸς τῷ παρανόμῳ σπλαγχνισμῷ τεταγμένοι, διὰ τὴν ἐκ τῶν παλαιῶν χρόνων πρὸς τὸν ἄνδρα γνῶσιν, ἀπολαβόντες αὐτὸν κατιδίαν παρεκάλουν, ἐνέγκαντα κρέα οἷς καθῆκον αὐτῷ χρήσασθαι διʼ αὐτοῦ παρασκευασθέντα, ὑποκριθῆναι δὲ ὡς ἐσθίοντα τὰ ὑπὸ τοῦ βασιλέως προστεταγμένα τῶν ἀπὸ τῆς θυσίας κρεῶν,
35750	ΜΑΚΚΑΒΑΙΩΝ Β 7:1	μητρὸν	μητρὸς	0.83	Yes	No	Συνέβη δὲ καὶ ἑπτὰ ἀδελφοὺς μετὰ τῆς μητρὸν συλληφθέντας ἀναγκάζεσθαι ὑπὸ τοῦ βασιλέως ἀπὸ τῶν ἀθεμίτων ὑείων κρεῶν ἐφάπτεσθαι, μάστιξι καὶ νευραῖς αἰκιζομένους.
35801	ΜΑΚΚΑΒΑΙΩΝ Β 7:36	ὑπετηφανίας	ὑπερηφανίας	0.91	Yes	No	\vs{36}Οἱ μὲν γὰρ νῦν ἡμέτεροι ἀδελφοὶ βραχὺν ὑπενέγκαντες πόνον, ἀεννάου ζωῆς ὑπὸ διαθήκην Θεοῦ πεπτώκασι· σὺ δὲ τῇ τοῦ Θεοῦ κρίσει δίκαια τὰ πρόστιμα τῆς ὑπετηφανίας ἀποίσῃ.
35825	ΜΑΚΚΑΒΑΙΩΝ Β 8:9	φίλως	φίλων	0.80	Yes	No	\vs{9}Ὁ δὲ ταχέως προχειρισάμενος, Νικάνορα τὸν τοῦ Πατρόκλου, τῶν πρώτων φίλως, ἀπέστειλεν, ὑποτάξας παμφύλων ἔθνη οὐκ ἐλάττους τῶν δισμυρίων, τὸ σύμπαν τῶν Ἰουδαίως ἐξᾶραι γένος· συνέστησε δὲ αὐτῷ καὶ Γοργίαν ἄνδρα στρατηγὸν, καὶ ἐν πολεμικαῖς χρείαις πείραν ἔχοντα.
35825	ΜΑΚΚΑΒΑΙΩΝ Β 8:9	Ἰουδαίως	ιουδαίας	0.88	Yes	No	\vs{9}Ὁ δὲ ταχέως προχειρισάμενος, Νικάνορα τὸν τοῦ Πατρόκλου, τῶν πρώτων φίλως, ἀπέστειλεν, ὑποτάξας παμφύλων ἔθνη οὐκ ἐλάττους τῶν δισμυρίων, τὸ σύμπαν τῶν Ἰουδαίως ἐξᾶραι γένος· συνέστησε δὲ αὐτῷ καὶ Γοργίαν ἄνδρα στρατηγὸν, καὶ ἐν πολεμικαῖς χρείαις πείραν ἔχοντα.
35828	ΜΑΚΚΑΒΑΙΩΝ Β 8:11	Ἰουδαϊκῶν	ιουδαίων	0.94	Yes	No	\vs{11}Εὐθέως δὲ εἰς τὰς παραθαλασσίους πόλεις ἀπέστειλε προσκαλούμενος ἐπʼ ἀγορασμὸν Ἰουδαϊκῶν σωμάτων, ὑπισχνούμενον ἐννενήκοντα σώματα ταλάντου παραχωρήσειν· οὐ προσδεχόμενος τὴν παρὰ τοῦ παντοκράτορος μέλλουσαν παρακολουθήσειν ἐπʼ αὐτῷ δίκην.
35828	ΜΑΚΚΑΒΑΙΩΝ Β 8:11	ὑπισχνούμενον	ὑπισχνούμενος	0.92	Yes	No	\vs{11}Εὐθέως δὲ εἰς τὰς παραθαλασσίους πόλεις ἀπέστειλε προσκαλούμενος ἐπʼ ἀγορασμὸν Ἰουδαϊκῶν σωμάτων, ὑπισχνούμενον ἐννενήκοντα σώματα ταλάντου παραχωρήσειν· οὐ προσδεχόμενος τὴν παρὰ τοῦ παντοκράτορος μέλλουσαν παρακολουθήσειν ἐπʼ αὐτῷ δίκην.
35831	ΜΑΚΚΑΒΑΙΩΝ Β 8:13	λανδροῦντες	ἀναιροῦντες	0.82	No	No	\vs{13}οἱ δει λανδροῦντες καὶ ἀπιστοῦντες τὴν τοῦ Θεοῦ δίκην, διεδίδρασκον, καὶ ἐξετόπιζον ἑαυτούς.
35845	ΜΑΚΚΑΒΑΙΩΝ Β 8:23	παραγνοὺς	παραναγνοὺς	0.90	Yes	No	\vs{23}ἔτι δὲ καὶ Ἐλεάζαρον, παραγνοὺς τὴν ἱερὰν βίβλον, καὶ δοὺς σύνθημα Θεοῦ βοηθείας, τῆς πρώτης σπείρας αὐτὸς προηγούμενος, συνέβαλε τῷ Νικάνορι.
35849	ΜΑΚΚΑΒΑΙΩΝ Β 8:26	ἐμακροθύμησαν	ἐμακροθύμησεν	0.92	No	No	\vs{26}Ἦν γὰρ ἡ πρὸ τοῦ σαββάτου, διʼ ἥν αἰτίαν οὐκ ἐμακροθύμησαν κατατρέχοντες αὐτούς.
35856	ΜΑΚΚΑΒΑΙΩΝ Β 8:30	συνεριζοντων	θεριζόντων	0.82	No	No	\vs{30}Καὶ τῶν περὶ Τιμόθεον καὶ Βακχίδην συνεριζοντων, ὑπὲρ τοὺς δισμυρίους αὐτῶν ἀνεῖλον, καὶ ὀχυρωμάτων ὑψηλῶν εὖ μάλα ἐγκρατεῖς ἐγένοντο· καὶ λάφυρα πλεῖστα ἐμερίσαντο, ἰσομοίρους ἑαυτοὺς καὶ τοῖς ᾐκισμένοις, καὶ ὀρφανοῖς, καὶ χήραις, ἔτι δὲ καὶ πρεσβυτέροις ποιήσαντες.
35860	ΜΑΚΚΑΒΑΙΩΝ Β 8:33	πεφευγότας	πεφευγότα	0.95	Yes	No	\vs{33}Ἐπινίκια δὲ ἄγοντες ἐν τῇ πατρίδι, τοὺς ἐμπρήσαντας τοὺς ἱεροὺς πυλῶνας, Καλλισθένην, καί τινας ἄλλους ὑφῆψαν εἰς ἓν οἰκίδιον πεφευγότας, οἵ τινες ἄξιον τῆς δυσσεβείας ἐκομίσαντομισθόν.
35860	ΜΑΚΚΑΒΑΙΩΝ Β 8:33	ἐκομίσαντομισθόν	ἐκομίσατο μισθόν	0.97	Yes	No	\vs{33}Ἐπινίκια δὲ ἄγοντες ἐν τῇ πατρίδι, τοὺς ἐμπρήσαντας τοὺς ἱεροὺς πυλῶνας, Καλλισθένην, καί τινας ἄλλους ὑφῆψαν εἰς ἓν οἰκίδιον πεφευγότας, οἵ τινες ἄξιον τῆς δυσσεβείας ἐκομίσαντομισθόν.
35863	ΜΑΚΚΑΒΑΙΩΝ Β 8:35	δυσημερήσας	ὑστέρησας	0.80	No	No	\vs{35}ταπεινωθεὶς ὑπὸ τῶν κατʼ αὑτὸν νομιζομένων ἐλαχίστων εἶναι, τῇ τοῦ Κυρίου βοηθείᾳ, τὴν δοξικὴν ἀποθέμενος ἐσθῆτα, διὰ τῆς μεσογείου, δραπέτου τρόπον ἔρημον ἑαυτὸν ποιήσας, ἧκεν εἰς Ἀντιόχειαν, ὑπεράγαν δυσημερήσας ἐπὶ τῇ τοῦ στρατοῦ διαφθορᾷ.
35873	ΜΑΚΚΑΒΑΙΩΝ Β 9:5	πανεπόπτης	παντεπόπτης	0.95	Yes	No	\vs{5}Ὁ δὲ πανεπόπτης Κύριος ὁ Θεὸς τοῦ Ἰσραὴλ ἐπάταξεν αὐτὸν ἀνιάτῳ καὶ ἀοράτῳ πληγῇ· ἄρτι δὲ αὐτοῦ καταλήξαντος τὸν λόγον, ἔλαβεν αὐτὸν ἀνήκεστος τῶν σπλάγχνων ἀλγηδὼν, καὶ πικραὶ τῶν ἔνδον βάσανοι,
35882	ΜΑΚΚΑΒΑΙΩΝ Β 9:11	ὑποτεθραυσμένος	τεθραυσμένους	0.86	No	No	\vs{11}Ἐνταῦθα οὖν ἤρξατο τὸ πολὺ τῆς ὑπερηφανίας λήγειν ὑποτεθραυσμένος, καὶ εἰς ἐπίγνωσιν ἔρχεσθαι θείᾳ μάστιγι κατὰ στιγμὴν ἐπιτεινόμενος ταῖς ἀλγηδόσι.
35894	ΜΑΚΚΑΒΑΙΩΝ Β 9:20	εὔχομαι	εὔξομαι	0.86	No	No	\vs{20}Εἰ ἔῤῥωσθε, καὶ τὰ τέκνα καὶ τὰ ἴδια κατὰ γνώμην ἔστιν ὑμῖν, εὔχομαι μὲν τῷ Θεῷ τὴν μεγίστην χάριν, εἰς οὐρανὸν τὴν ἐλπίδα ἔχων.
35896	ΜΑΚΚΑΒΑΙΩΝ Β 9:21	ἀσθενῶς	ἀσθενής	0.86	No	No	\vs{21}Κᾀγὼ δὲ ἀσθενῶς διεκείμην, ὑμῶν τὴν τιμὴν καὶ τὴν εὔνοιαν ἄν ἐμνημόνευον φιλοστόργως· ἐπανάγων ἐκ τῶν περὶ τὴν Περσίδα τόπων, καὶ περιπεσὼν ἀσθενείᾳ δυσχέρειαν ἐχούσῃ, ἀναγκαῖον ἡγησάμην φροντίσαι τῆς κοινῆς πάντων ἀσφαλείας·
35896	ΜΑΚΚΑΒΑΙΩΝ Β 9:21	διεκείμην	διεθέμην	0.82	No	No	\vs{21}Κᾀγὼ δὲ ἀσθενῶς διεκείμην, ὑμῶν τὴν τιμὴν καὶ τὴν εὔνοιαν ἄν ἐμνημόνευον φιλοστόργως· ἐπανάγων ἐκ τῶν περὶ τὴν Περσίδα τόπων, καὶ περιπεσὼν ἀσθενείᾳ δυσχέρειαν ἐχούσῃ, ἀναγκαῖον ἡγησάμην φροντίσαι τῆς κοινῆς πάντων ἀσφαλείας·
35898	ΜΑΚΚΑΒΑΙΩΝ Β 9:23	διαδεξόμενον	διαδεξάμενον	0.92	Yes	No	\vs{23}θεωρῶν δὲ ὅτι καὶ ὁ πατήρ καθʼ οὓς καιροὺς εἰς τοὺς ἄνω τόπους ἐστρατοπέδευσεν, ἀνέδειξε τὸν διαδεξόμενον,
35899	ΜΑΚΚΑΒΑΙΩΝ Β 9:24	δυοχερὲς	δυσχερές	0.88	Yes	No	\vs{24}ὅπως ἐάν τι παράδοξον ἀποβαίνῃ, ἤ καὶ προσαγγελθῇ τι δυοχερὲς, εἰδότες οἱ κατὰ τὴν χώραν ᾧ καταλέλειπται τὰ πράγματα, μὴ ἐπιταράσσωνται·
35901	ΜΑΚΚΑΒΑΙΩΝ Β 9:25	προσδεχομένους	προσδεχόμενος	0.96	No	No	\vs{25}Πρὸς δὲ τούτοις κατανοῶν τοὺς παρακειμένους δυνάστας, καὶ γειτνιῶντας τῇ βασιλείᾳ τοῖς καιροῖς ἐπέχοντας, προσδεχομένους τὸ ἀποβησόμενον, ἀναδέδειχα τὸν υἱὸν μου Ἀντίοχον βασιλέα, ὃν πολλάκις ἀνατρέχων εἰς τὰς ἐπάνω σατραπείας τοῖς πλείστοις ὑμῶν παρακατετιθέμην καὶ συνίστων· γέγραφα δὲ πρὸς αὐτὸν τὰ ὑπογεγραμμένα.
35901	ΜΑΚΚΑΒΑΙΩΝ Β 9:25	παρακατετιθέμην	παρεκατετιθέμην	0.93	Yes	No	\vs{25}Πρὸς δὲ τούτοις κατανοῶν τοὺς παρακειμένους δυνάστας, καὶ γειτνιῶντας τῇ βασιλείᾳ τοῖς καιροῖς ἐπέχοντας, προσδεχομένους τὸ ἀποβησόμενον, ἀναδέδειχα τὸν υἱὸν μου Ἀντίοχον βασιλέα, ὃν πολλάκις ἀνατρέχων εἰς τὰς ἐπάνω σατραπείας τοῖς πλείστοις ὑμῶν παρακατετιθέμην καὶ συνίστων· γέγραφα δὲ πρὸς αὐτὸν τὰ ὑπογεγραμμένα.
35906	ΜΑΚΚΑΒΑΙΩΝ Β 9:28	κατέσπρεψε	κατέστρεψεν	0.86	Yes	No	\vs{28}Ὁ μὲν οὖν ἀνδροφόνος καὶ βλάσφημος τὰ χείριστα παθών, ὡς ἑτέρους διέθηκεν, ἐπὶ ξένης ἐν τοῖς ὄρεσιν οἰκτίστῳ μόρῳ κατέσπρεψε τὸν βίον.
35928	ΜΑΚΚΑΒΑΙΩΝ Β 10:13	μήτ	μήτε	0.86	Yes	No	\vs{13}Ὅθεν κατηγορούμενος ὑπὸ τῶν φίλων πρὸς τὸν Εὐπάτορα, καὶ προδότης παρέκαστα ἀκούων, διὰ τὸ τὴν Κύπρον ἐμπιστευθέντα ὑπὸ τοῦ Φιλομήτορος ἐκλιπεῖν, καὶ πρὸς Ἀντίοχον τὸν Ἐπιφανῆ ἀναχωρῆσαι, μήτʼ εὐγενῆ τὴν ἐξουσίαν ἔχων, ὑπʼ ἀθυμίας φαρμακεύσας ἑαυτὸν ἐξέλιπε τὸν βίον.
35928	ΜΑΚΚΑΒΑΙΩΝ Β 10:13	ἀθυμίας	ῥᾳθυμίας	0.93	No	No	\vs{13}Ὅθεν κατηγορούμενος ὑπὸ τῶν φίλων πρὸς τὸν Εὐπάτορα, καὶ προδότης παρέκαστα ἀκούων, διὰ τὸ τὴν Κύπρον ἐμπιστευθέντα ὑπὸ τοῦ Φιλομήτορος ἐκλιπεῖν, καὶ πρὸς Ἀντίοχον τὸν Ἐπιφανῆ ἀναχωρῆσαι, μήτʼ εὐγενῆ τὴν ἐξουσίαν ἔχων, ὑπʼ ἀθυμίας φαρμακεύσας ἑαυτὸν ἐξέλιπε τὸν βίον.
35931	ΜΑΚΚΑΒΑΙΩΝ Β 10:15	φυγαδευθέντας	φυγαδεύσαντας	0.85	Yes	No	\vs{15}Ὁμοῦ δὲ τούτῳ καὶ οἱ Ἰδουμαῖοι ἐγκρατεῖς ἐπικαίρων ὀχυρωμάτων ὄντες, ἐγύμναζον τοὺς Ἰουδαίους, καὶ τοὺς φυγαδευθέντας ἀπὸ Ἰεροσολύμων προσλαβόμενοι πολεμοτροφεῖν ἐπεχείρουν.
35940	ΜΑΚΚΑΒΑΙΩΝ Β 10:21	Προσαγγελθέντος	προσαγγελέντος	0.97	Yes	No	\vs{21}Προσαγγελθέντος δὲ τῷ Μακκαβαίῳ περὶ τοῦ γεγονότος, συναγαγὼν τοὺς ἡγουμένους τοῦ λαοῦ, κατηγόρησεν ὡς ἀργυρίου πεπράκασι τοὺς ἀδελφοὺς, τοὺς πολεμίους κατʼ αὐτῶν ἀπολύσαντες.
35940	ΜΑΚΚΑΒΑΙΩΝ Β 10:21	πεπράκασι	πέπρακαν	0.82	Yes	No	\vs{21}Προσαγγελθέντος δὲ τῷ Μακκαβαίῳ περὶ τοῦ γεγονότος, συναγαγὼν τοὺς ἡγουμένους τοῦ λαοῦ, κατηγόρησεν ὡς ἀργυρίου πεπράκασι τοὺς ἀδελφοὺς, τοὺς πολεμίους κατʼ αὐτῶν ἀπολύσαντες.
35949	ΜΑΚΚΑΒΑΙΩΝ Β 10:28	διαδεχομένης	διαχεομένης	0.87	Yes	No	\vs{28}Ἄρτι δὲ τῆς ἀνατολῆς διαδεχομένης, προσέβαλον ἑκάτεροι· οἱ μὲν ἔγγυον ἔχοντες εὐημερίας καὶ νίκης μετʼ ἀρετῆς τὴν ἐπὶ τὸν Κύριον καταφυγὴν, οἱ δὲ καθηγεμόνα τῶν ἀγώνων ταττόμενοι τὸν θυμόν.
35952	ΜΑΚΚΑΒΑΙΩΝ Β 10:30	κατεκόπτοντο	κατέκοπτον	0.91	No	No	\vs{30}καὶ τὸν Μακκαβαῖον μέσον λαβόντες, καὶ σκεπάζοντες ταῖς ἑαυτῶν πανοπλίαις, ἄτρωτον διεφύλαττον· εἰς δὲ τοὺς ὑπεναντίους τοξεύματα καὶ κεραυνοὺς ἐξεῤῥίπτουν· διὸ συγχυθέντες ἀορασίᾳ, κατεκόπτοντο ταραχῆς πεπληρωμένοι.
35958	ΜΑΚΚΑΒΑΙΩΝ Β 10:34	προΐοντο	προΐεντο	0.88	Yes	No	\vs{34}Οἱ δὲ ἔνδον τῇ ἐρυμνότητι τοῦ τόπου πεποιθότες, ὑπεράγαν ἐβλασφήμουν, καὶ λόγους ἀθεμίτους προΐοντο.
35961	ΜΑΚΚΑΒΑΙΩΝ Β 10:36	ἀνάψαντες	ἀναλαβόντες	0.80	No	Yes	\vs{36}ἕτεροι δὲ ὁμοίως προσαναβάντες ἐν τῷ περισπασμῷ πρὸς τοὺς ἔνδον, ἐνεπίμπρων τοὺς πύργους, καὶ πυρὰς ἀνάψαντες ζῶντας τοὺς βλασφήμους κατέκαιον· οἱ δὲ τὰς πύλας διέκοπτον, εἰσδεξάμενοι δὲ τὴν λοιπὴν τάξιν, προκατελάβοντο τὴν πόλιν,
35984	ΜΑΚΚΑΒΑΙΩΝ Β 11:14	συλλύσεσθαι	συλλύεσθαι	0.95	Yes	No	\vs{14}προσαποστείλας ἔπεισε συλλύσεσθαι ἐπὶ πᾶσι τοῖς δικαίοις· καὶ διότι καὶ τὸν βασιλέα πείσειν φίλον αὐτοῖς ἀναγκάζειν γενέσθαι.
35987	ΜΑΚΚΑΒΑΙΩΝ Β 11:16	ἐπιοτολαὶ	ἐπιστολαὶ	0.89	Yes	No	\vs{16}Ἦσαν γὰρ αἱ γεγραμμέναι τοῖς Ἰουδαίοις ἐπιοτολαὶ παρὰ μὲν Λυσίου περιέχουσαι τὸν τρόπον τοῦτον· Λυσίας τῷ πλήθει τῶν Ἰουδαίων χαίρειν.
36008	ΜΑΚΚΑΒΑΙΩΝ Β 11:34	Μάνλιος	μάνιος	0.92	Yes	No	\vs{34}Ἔπεμψαν δὲ καὶ οἱ Ῥωμαιοῖ πρὸς αὐτοὺς ἐπιστολὴν ἔχουσαν οὕτως· Κόϊντος Μέμμιος, Τίτος Μάνλιος, πρεσβύται Ῥωμαίων, τῷ δήμῳ τῶν Ἰουδαίων χαίρειν.
36016	ΜΑΚΚΑΒΑΙΩΝ Β 12:2	εὐσταθεῖς	εὐσταθεῖν	0.89	Yes	No	\vs{2}Τῶν δὲ κατὰ τόπον στρατηγῶν Τιμόθεος καὶ Ἀπολλώνιος ὁ τοῦ Γενναίου, ἔτι δὲ Ἱερώνυμος καὶ Δημοφὼν, πρὸς δὲ τούτοις Νικάνωρ ὁ Κυπριάρχης, οὐκ εἴων αὐτοὺς εὐσταθεῖς, καὶ τὰ τῆς ἡσυχίας ἄγειν.
36018	ΜΑΚΚΑΒΑΙΩΝ Β 12:3	παρασταθέντα	παρατεθέντα	0.87	No	No	\vs{3}Ἰοππίται δὲ τηλικοῦτο συνετέλεσαν τὸ δυσσέβημα· παρακαλέσαντες τοὺς σὺν αὐτοῖς οἰκοῦντας Ἰουδαίους ἐμβῆναι εἰς τὰ παρασταθέντα ὑπʼ αὐτῶν σκάφη σὺν γυναιξὶ καὶ τέκνοις, ὡς μηδεμιᾶς ἐνεστώσης πρὸς αὐτοὺς δυσμενείας,
36029	ΜΑΚΚΑΒΑΙΩΝ Β 12:11	ἐλαττωθέντες	ἐλαττονωθέντες	0.92	Yes	No	\vs{11}Γενομένης δὲ καρτερᾶς μάχης, καὶ τῶν περὶ τὸν Ἰούδαν διὰ τὴν παρὰ τοῦ Θεοῦ βοήθειαν εὐημερησάντων, ἐλαττωθέντες οἱ Νομάδες Ἄραβες ἠξίουν δοῦναι τὸν Ἰούδαν δεξιὰν αὐτοῖς, ὑπισχνούμενοι καὶ βοσκήματα δώσειν, καὶ ἐν τοῖς λοιποῖς ὠφελήσειν αὐτούς.
36050	ΜΑΚΚΑΒΑΙΩΝ Β 12:25	ἀποκαταστήσειν	ἀποκαταστῆσαι	0.89	Yes	No	\vs{25}Πιστώσαντος δὲ αὐτοῦ διὰ πλειόνων τὸν ὁρισμὸν ἀποκαταστήσειν τούτους ἀπημάντους, ἀπέλυσαν αὐτὸν ἕνεκα τῆς τῶν ἀδελφῶν σωτηρίας.
36052	ΜΑΚΚΑΒΑΙΩΝ Β 12:26	Ἀταργατεῖον	ατεργατειον	0.91	Yes	No	\vs{26}Ἐξελθὼν δὲ ἐπὶ τὸ Καρνίον καὶ τὸ Ἀταργατεῖον, κατέσφαξε μυριάδας σωμάτων δύο καὶ πεντακισχιλίους.
36063	ΜΑΚΚΑΒΑΙΩΝ Β 12:34	παραταξαμένων	παραταξαμένους	0.81	Yes	No	\vs{34}Καὶ παραταξαμένων συνέβη πεσεῖν ὀλίγους τῶν Ἰουδαίων.
36075	ΜΑΚΚΑΒΑΙΩΝ Β 12:43	ἀνδραλογίαν	ἀνδρολογίαν	0.91	Yes	No	\vs{43}Ποιησάμενός τε κατʼ ἀνδραλογίαν κατασκευάσματα εἰς ἀργυρίου δραχμὰς δισχιλίας, ἀπέστειλεν εἰς Ἱεροσόλυμα προσαγαγεῖν περὶ ἁμαρτίας θυσίαν, πάνυ καλῶς καὶ ἀστείως πράττων, ὑπὲρ ἀναστάσεως διαλογιζόμενος·
36121	ΜΑΚΚΑΒΑΙΩΝ Β 14:3	προγενόμενος	προσγενόμενος	0.96	No	No	\vs{3}Ἄλκιμος δέ τις προγενόμενος ἀρχιερεὺς, ἑκουσίως δὲ μεμολυμμένος ἐν τοῖς τῆς ἐπιμιξίας χρόνοις, συννοήσας ὅτι καθʼ ὁντιναοῦν τρόπον οὐκ ἔστιν αὐτῷ σωτηρία, οὐδὲ πρὸς ἅγιον θυσιαστήριον ἔτι πρόσοδος,
36121	ΜΑΚΚΑΒΑΙΩΝ Β 14:3	μεμολυμμένος	μεμολυσμένος	0.92	Yes	No	\vs{3}Ἄλκιμος δέ τις προγενόμενος ἀρχιερεὺς, ἑκουσίως δὲ μεμολυμμένος ἐν τοῖς τῆς ἐπιμιξίας χρόνοις, συννοήσας ὅτι καθʼ ὁντιναοῦν τρόπον οὐκ ἔστιν αὐτῷ σωτηρία, οὐδὲ πρὸς ἅγιον θυσιαστήριον ἔτι πρόσοδος,
36136	ΜΑΚΚΑΒΑΙΩΝ Β 14:14	πεφυγαδευκότα	πεφυγαδευκότες	0.89	Yes	No	\vs{14}Τὰ δὲ ἐκ τῆς Ἰουδαίας πεφυγαδευκότα τὸν Ἰούδαν ἔθνη συνέμισγον ἀγεληδὸν τῷ Νικάνορι, τὰς τῶν Ἰουδαίων ἀτυχίας καὶ συμφορὰς, ἰδίας εὐημερίας δοκοῦντες ἔσεσθαι.
36139	ΜΑΚΚΑΒΑΙΩΝ Β 14:16	συμμίσγουσιν	συμμίσγειν	0.82	No	No	\vs{16}Προστάξαντος δὲ τοῦ ἡγουμένου, ἐκεῖθεν εὐθέως ἀνέζευξαν, καὶ συμμίσγουσιν αὐτοῖς ἐπὶ κώμην Δεσσαού.
36142	ΜΑΚΚΑΒΑΙΩΝ Β 14:18	ἐπευλαβεῖτο	ὑπευλαβεῖτο	0.91	Yes	No	\vs{18}Ὅμως δὲ ἀκούων ὁ Νικάνωρ ἣν εἶχον οἱ περὶ τὸν Ἰούδαν ἀνδραγαθίαν, καὶ ἐν τοῖς ὑπὲρ τῆς πατρίδος ἀγῶσιν εὐψυχίαν, ἐπευλαβεῖτο τὴν κρίσιν διʼ αἱμάτων ποιήσασθαι·
36145	ΜΑΚΚΑΒΑΙΩΝ Β 14:20	ἡγεμόνος	ἡγεμόνες	0.88	No	No	\vs{20}Πλείονος δὲ γενομένης περὶ τούτων ἐπισκέψεως, καὶ τοῦ ἡγεμόνος τοῖς πλήθεσιν ἀνακοινωσαμένου, καὶ φανείσης ὁμοψήφου γνώμης, ἐπένευσαν ταῖς συνθήκαις.
36146	ΜΑΚΚΑΒΑΙΩΝ Β 14:21	διαφόρους	δίφρους	0.88	Yes	No	\vs{21}Ἐτάξαντο δὲ ἡμέραν ἐν ᾗ κατʼ ἰδίαν ἥξουσιν εἰς τὸ αὐτό· καὶ προῆλθε, καὶ παρʼ ἑκάστου διαφόρους ἔθεσαν δίφρους.
36153	ΜΑΚΚΑΒΑΙΩΝ Β 14:26	ἀναδέδειχεν	ἀναδέδειχα	0.86	No	No	\vs{26}Ὁ δὲ Ἄλκιμος συνιδὼν τὴν πρὸς ἀλλήλους εὔνοιαν καὶ τὰς γενομένας συνθήκας, ἀναλαβὼν, ἧκε πρὸς τὸν Δημήτριον, καὶ ἔλεγε τὸν Νικάνορα ἀλλότρια φρονεῖν τῶν πραγμάτων· τὸν γὰρ ἐπίβουλον τῆς βασιλείας Ἰούδαν διάδοχον ἀναδέδειχεν ἑαυτοῦ.
36159	ΜΑΚΚΑΒΑΙΩΝ Β 14:30	διεξάγοντα	διεξαγαγόντα	0.91	Yes	No	\vs{30}Ὁ δὲ Μακκαβαῖος αὐστηρότερον διεξάγοντα συνιδὼν τὸν Νικάνορα πρὸς αὐτὸν, καὶ τὴν εἰθισμένην ἀπάντησιν ἀγριωτέραν ἐσχηκότα, νοήσας οὐκ ἀπὸ τοῦ βελτίστου τὴν αὐστηρίαν εἶναι, συστρέψας οὐκ ὀλίγους τῶν περὶ ἑαυτὸν, συνεκρύπτετο τὸν Νικάνορα.
36162	ΜΑΚΚΑΒΑΙΩΝ Β 14:33	κατασκάφω	κατασκάψω	0.89	Yes	No	\vs{33}προτείνας τὴν δεξιὰν εἰς τὸν νεὼν, ταῦτα ὤμοσεν, ἐὰν μὴ δέσμιόν μοι τὸν Ἰούδαν παραδῶτε, τόνδε τοῦ Θεοῦ σηκὸν εἰς πεδίον ποιήσω, καὶ τὸ θυσιαστήριον κατασκάφω, καὶ ἱερὸν ἐνταῦθα τῷ Διονύσῳ ἐπιφανὲς ἀναστήσω.
36178	ΜΑΚΚΑΒΑΙΩΝ Β 14:45	ἀποῤῥωγάδος	ἀπορρῶγος	0.90	Yes	No	\vs{45}Ἔτι δὲ ἔμπνους ὑπάρχων καὶ πεπυρωμένος τοῖς θυμοῖς, ἐξαναστὰς φερομένων κρουνηδὸν τῶν αἱμάτων, καὶ δυσχερῶν ὄντων τῶν τραυμάτων, δρόμῳ τοὺς ὄχλους διελθὼν, καὶ στὰς ἐπί τινος πέτρας ἀποῤῥωγάδος,
36184	ΜΑΚΚΑΒΑΙΩΝ Β 15:2	ἐθορῶντος	ἐφορῶντος	0.89	Yes	No	\vs{2}Τῶν δὲ κατʼ ἀνάγκην συνεπομένων αὐτῷ Ἰουδαίων, λεγόντων, μηδαμῶς οὕτως ἀγρίως καὶ βαρβάρως ἀπολέσῃς, δόξαν δὲ ἀπομέρισον τῇ προτετιμημένῃ ὑπὸ τοῦ πάντα ἐθορῶντος μεθʼ ἁγιότητος ἡμέρᾳ.
36204	ΜΑΚΚΑΒΑΙΩΝ Β 15:17	στρατοπεδεύεσθαι	μὴ στρατεύεσθαι	0.80	Yes	No	\vs{17}Παρακληθέντες δὲ τοῖς Ἰούδα λόγοις πάνυ καλοῖς καὶ δυναμένοις ἐπʼ ἀρετὴν παρορμῆσαι, καὶ ψυχὰς νέων ἐπανορθῶσαι, διέγνωσαν μὴ στρατοπεδεύεσθαι, γενναίως δὲ ἐμφέρεσθαι, καὶ μετὰ πάσης εὐανδρίας ἐμπλακέντες κρῖναι τὰ πράγματα, διὰ τὸ καὶ τὴν πόλιν, καὶ τὰ ἅγια, καὶ τὸ ἱερὸν κινδυνεύειν.
36208	ΜΑΚΚΑΒΑΙΩΝ Β 15:20	συμμιξάντων	συμμίξεων	0.80	No	No	\vs{20}Καὶ πάντων ἤδη προσδοκώντων τὴν ἐσομένην κρίσιν, καὶ ἤδη συμμιξάντων τῶν πολεμίων, καὶ τῆς στρατιᾶς ἐκταγείσης, καὶ τῶν θηρίων ἐπὶ μέρος εὔκαιρον ἀποκατασταθέντων, τῆς τε ἵππου κατὰ κέρας τεταγμένης,
36210	ΜΑΚΚΑΒΑΙΩΝ Β 15:21	κατόπτην	κατόπτρων	0.82	No	No	\vs{21}Συνιδὼν ὁ Μακκαβαῖος τὴν τῶν πληθῶν παρουσίαν, καὶ τῶν ὅπλων τὴν ποικίλην παρασκευὴν, τήν τε τῶν θηρίων ἀγριότητα, προτείνας τὰς χεῖρας εἰς τὸν οὐρανὸν, ἐπεκαλέσατο τὸν τερατοποιὸν Κύριον τὸν κατόπτην, γινώσκων ὅτι οὐκ ἔστι διʼ ὅπλων ἡ νίκη, καθὼς δὲ ἂν αὐτῷ κριθείη, τοῖς ἀξίοις περιποιεῖται τὴν νίκην.
36210	ΜΑΚΚΑΒΑΙΩΝ Β 15:21	κριθείη	κριθῇ	0.83	Yes	No	\vs{21}Συνιδὼν ὁ Μακκαβαῖος τὴν τῶν πληθῶν παρουσίαν, καὶ τῶν ὅπλων τὴν ποικίλην παρασκευὴν, τήν τε τῶν θηρίων ἀγριότητα, προτείνας τὰς χεῖρας εἰς τὸν οὐρανὸν, ἐπεκαλέσατο τὸν τερατοποιὸν Κύριον τὸν κατόπτην, γινώσκων ὅτι οὐκ ἔστι διʼ ὅπλων ἡ νίκη, καθὼς δὲ ἂν αὐτῷ κριθείη, τοῖς ἀξίοις περιποιεῖται τὴν νίκην.
36248	ΜΑΚΚΑΒΑΙΩΝ Γ 1:5	δορυαλώτους	δοριαλώτους	0.91	Yes	No	\vs{5}Καὶ οὕτω συνέβη τοὺς ἀντιπάλους ἐν χειρονομίαις διαφθαρῆναι, πολλοὺς δὲ καὶ δορυαλώτους συλληφθῆναι
36259	ΜΑΚΚΑΒΑΙΩΝ Γ 1:13	ἐλώλυσε	ἐκώλυσεν	0.80	Yes	No	\vs{13}Καὶ ἐπυνθάνετο, διὰ τίνα αἰτίαν εἰσερχόμενον αὐτὸν εἰς πᾶν τέμενος, οὐθεὶς ἐλώλυσε τῶν παρόντων.
36264	ΜΑΚΚΑΒΑΙΩΝ Γ 1:16	ἐμπλησάνων	ἐμπλησάντων	0.95	Yes	No	\vs{16}Τῶν δὲ ἱερέων ἐν ταῖς ἁγίαις ἐσθήσεσι προπεσόντων, καὶ δεομένων τοῦ μεγίστου Θεοῦ βοηθεῖν τῇ ἐνεστώσῃ ἀνάγκῃ, καί τὴν ὁρμὴν τοῦ κακῶς ἐπιβαλλομένου μεταθεῖναι, κραυγῆς τε μετὰ δακρύων τὸ ἱερὸν ἐμπλησάνων,
36269	ΜΑΚΚΑΒΑΙΩΝ Γ 1:20	ἀνεπιτρέπτως	ἀνεπιστρέπτως	0.96	Yes	No	\vs{20}Τὰ δὲ νεογνὰ τῶν τέκνων, αἵ τε πρὸς τούτοις μητέρες καὶ τιθηνοὶ παραλιποῦσαι ἄλλως καὶ ἄλλως, αἱ μὲν κατʼ οἴκους, αἱ δὲ κατὰ τὰς ἀγυιὰς ἀνεπιτρέπτως εἰς τὸ πανυπέρτατον ἱερὸν ἠθροίζοντο.
36270	ΜΑΚΚΑΒΑΙΩΝ Γ 1:21	συλλεγομένων	συλλεγέντων	0.87	Yes	No	\vs{21}Ποικίλη δὲ ἦν τῶν εἰς τοῦτο συλλεγομένων ἡ δέησις ἐπὶ τοῖς ἀνοσίως ὑπʼ ἐκείνου κατεγχειρουμένοις.
36273	ΜΑΚΚΑΒΑΙΩΝ Γ 1:23	Θωνήσαντες	φωνήσαντες	0.90	Yes	No	\vs{23}Θωνήσαντες δὲ τὴν ὁρμὴν ἐπὶ τὰ ὅπλα ποιήσασθαι, καὶ θαῤῥαλέως ὑπὲρ τοῦ πατρῴου νόμου τελευτᾷν, ἱκανὴν ἐποίησαν ἐν τῷ τόπῳ τραχύτητα, μόλις τε ὑπό τε τῶν γεραιῶν καὶ τῶν πρεσβυτέρων ἀποτραπέντες ἐπὶ τὴν αὐτὴν τῆς δεήσεως ἔστησαν στάσιν.
36277	ΜΑΚΚΑΒΑΙΩΝ Γ 1:26	ἀποιεῖτο	ἐποιεῖτο	0.88	Yes	No	\vs{26}Θρασυνθεὶς δὲ καὶ πάντα παραπέμψας, ἤδη καὶ πρόσβασιν ἀποιεῖτο, τέλος ἐπιθήσειν δοκῶν τῷ προειρημένῳ.
36279	ΜΑΚΚΑΒΑΙΩΝ Γ 1:27	περιδόντα	περιιδόντα	0.95	Yes	No	\vs{27}Ταῦτʼ οὖν καὶ οἱ περὶ αὐτὸν ὄντες θεωροῦντες, ἐτράπησαν εἰς τὸ σὺν τοῖς ἡμετέροις ἐπικαλεῖσθαι τὸν πᾶν κράτος ἔχοντα, τοῖς παροῦσιν ἐπαμῦναι, μὴ περιδόντα τὴν ἄνομον καὶ ὑπερήφανον πρᾶξιν.
36290	ΜΑΚΚΑΒΑΙΩΝ Γ 2:5	αιαδήλους	διαδήλους	0.89	Yes	No	\vs{5}Σὺ τοὺς ὑπερηφανίαν ἐργαζομένους Σοδομίτας, αιαδήλους ταῖς κακίαις γενομένους, πυρὶ καὶ θείῳ κατέφλεξας, παράδειγμα τοῖς ἐπιγινομένοις καταστήσας.
36310	ΜΑΚΚΑΒΑΙΩΝ Γ 2:19	ἀμπλακίας	ἀμβλακίας	0.89	Yes	No	\vs{19}Ἀπάλειψον τὰς ἁμαρτίας ἡμῶν, καὶ διασκέδασον τὰς ἀμπλακίας ἡμῶν, καὶ ἐπίφανον τὸ ἔλεός σου κατὰ τὴν ὥραν ταύτην.
36313	ΜΑΚΚΑΒΑΙΩΝ Γ 2:21	πάντωρ	πάντων	0.83	Yes	No	\vs{21}Ἐνταῦθα ὁ πάντων ἐπόπτης Θεὸς, καὶ πρὸ πάντωρ ἅγιος ἐν ἁγίοις, εἰσακούσας τῆς ἐνθέσμου λιτανείας, τὸν ὕβρει καὶ θράσει μεγάλως ἐπηρμένον ἐμάστιξεν αὐτόν,
36314	ΜΑΚΚΑΒΑΙΩΝ Γ 2:22	περιπεπλεγμένον	περιπεπληγμένον	0.93	Yes	No	\vs{22}ἔνθεν καὶ ἔνθεν κραδάνας αὐτὸν ὡς κάλαμον ὑπὸ ἀνέμου, ὥστε κατʼ ἐδάφους ἄπρακτον ἔτι καὶ τοῖς μέλεσι παραλελυμένον, μηδὲ φωνῆσαι δύνασθαι δικαίᾳ περιπεπλεγμένον κρίσει.
36316	ΜΑΚΚΑΒΑΙΩΝ Γ 2:23	ταχεῖαν	τραχεῖαν	0.93	No	No	\vs{23}Ὅθεν οἵ τε φίλοι καὶ οἱ σωματοφύλακες αὐτοῦ ταχεῖαν καὶ ὀξεῖαν ἰδόντες τὴν καταλαβοῦσαν αὐτὸν εὐθύναν, φοβούμενοι μὴ καὶ τὸ ζῇν ἐκλείπῃ, ταχέως αὐτὸν ἐξείλκυσαν ὑπερβάλλοντι καταπεπληγμένοι φόβῳ.
36321	ΜΑΚΚΑΒΑΙΩΝ Γ 2:27	ἐξεκόλαψε	ἐκόλαψεν	0.82	Yes	No	\vs{27}Προέθετο δὲ δημοσίᾳ κατὰ τοῦ ἔθνους διαδοῦναι ψόγον· καὶ ἐπὶ τοῦ κατὰ τὴν αὐλὴν πύργου στήλην ἀναστήσας, ἐξεκόλαψε γραφήν,
36329	ΜΑΚΚΑΒΑΙΩΝ Γ 2:33	τεύξεασθαι	τεύξασθαι	0.95	Yes	No	\vs{33}Εὐέλπιδές δὲ καθειστήκεισαν ἀντιλήμψεως τεύξεασθαι, καὶ τοὺς ἀποχωροῦντας ἐξ αὐτῶν ἐβδελύσσοντο, καὶ ὡς πολεμίους τοῦ ἔθνους ἔκρινον, καὶ τῆς κοινῆς συναναστροφῆς καὶ εὐχρηστίας ἐστέρουν.
36332	ΜΑΚΚΑΒΑΙΩΝ Γ 3:1	ἐχόλησεν	ἐξεχόλησεν	0.89	Yes	No	Ἃ καὶ μεταλαμβάνων ὁ δυσσεβὴς ἐπι τοσοῦτον ἐχόλησεν, ὥστε οὐ μόνον τοῖς κατʼ Ἀλεξάνδρειαν διοργίζεσθαι, ἀλλὰ καὶ τοῖς ἐν τῇ χώρᾳ βαρυτέρως ἐναντιωθῆναι, καὶ προστάξαι σπεύσαντας συναγαγεῖν πάντας ἐπιτοαυτὸ, καὶ χειρίστῳ μόρῳ τοῦ ζῇν μεταστῆσαι.
36335	ΜΑΚΚΑΒΑΙΩΝ Γ 3:3	διαφυλάσσοντες	ἦσαν φυλάσσοντες	0.83	Yes	No	\vs{3}Οἱ δὲ Ἰουδαῖοι τὴν μὲν πρὸς τοὺς βασιλεῖς εὔνοιαν καὶ πίστιν ἀδιάστροφον ἦσαν διαφυλάσσοντες·
36336	ΜΑΚΚΑΒΑΙΩΝ Γ 3:4	καταστροφάς	τὰς τροφάς	0.90	Yes	No	\vs{4}σεβόμενοι δὲ τὸν Θεόν καὶ τῷ τούτου νόμῳ πολιτευόμενοι, χωρισμὸν ἐποίουν ἐπὶ τινων καὶ καταστροφάς διʼ ἣν αἰτίαν ἔνιος ἀπεχθεῖς ἐφαίνοντο·
36336	ΜΑΚΚΑΒΑΙΩΝ Γ 3:4	ἔνιος	ἐνίοις	0.91	Yes	No	\vs{4}σεβόμενοι δὲ τὸν Θεόν καὶ τῷ τούτου νόμῳ πολιτευόμενοι, χωρισμὸν ἐποίουν ἐπὶ τινων καὶ καταστροφάς διʼ ἣν αἰτίαν ἔνιος ἀπεχθεῖς ἐφαίνοντο·
36343	ΜΑΚΚΑΒΑΙΩΝ Γ 3:9	παροραθήσεται	παροραθήσεσθαι	0.89	Yes	No	\vs{9}Μὴ γὰρ οὕτως παροραθήσεται τηλικοῦτο σύστεημα μηδὲν ἠγνοηκώς.
36343	ΜΑΚΚΑΒΑΙΩΝ Γ 3:9	σύστεημα	σύστεμα	0.93	Yes	No	\vs{9}Μὴ γὰρ οὕτως παροραθήσεται τηλικοῦτο σύστεημα μηδὲν ἠγνοηκώς.
36362	ΜΑΚΚΑΒΑΙΩΝ Γ 3:23	κατορθώματα	κατορθώσατε	0.82	No	No	\vs{23}οὐ μόνον ἀπεστρέψαντο τὴν ἀτίμητον πολιτείαν, ἀλλὰ καὶ βδελύσσονται λόγῳ τε καὶ σιγῇ τοὺς ἐν αὐτοῖς ὀλίγους πρὸς ἡμᾶς γνησίως διακειμένους, παρέκαστα ὑφορώμενοι διὰ τῆς δυσκλεεστάτης ἐμβιώσεως διὰ τάχους ἡμᾶς καταστρέψαι τὰ κατορθώματα.
36368	ΜΑΚΚΑΒΑΙΩΝ Γ 3:27	ὑπομασθίων	ὑπομαστιδίων	0.82	Yes	No	\vs{27}Ὅς δʼ ἂν σκεπάσῃ τινὰ τῶν Ἰουδαίων ἀπὸ γεραιοῦ μέχρι νηπίου μέχρι τῶν ὑπομασθίων, αἰσχίστοις βασάνοις ἀποτυμπανισθήσεται πανοικί.
36368	ΜΑΚΚΑΒΑΙΩΝ Γ 3:27	αἰσχίστοις	αἰσχίσταις	0.90	Yes	No	\vs{27}Ὅς δʼ ἂν σκεπάσῃ τινὰ τῶν Ἰουδαίων ἀπὸ γεραιοῦ μέχρι νηπίου μέχρι τῶν ὑπομασθίων, αἰσχίστοις βασάνοις ἀποτυμπανισθήσεται πανοικί.
36369	ΜΑΚΚΑΒΑΙΩΝ Γ 3:28	τεύξεται	τέξεται	0.93	No	No	\vs{28}Μηνύειν δέ τὸν βουλόμενον, ἐφʼ ᾧ τὴν οὐσίαν τοῦ ἐμπίπτοντος ὑπὸ τὴν εὐθύναν λήψεται, καὶ ἐκ τοῦ βασιλικοῦ ἀργυρίου δραχμὰς δισχιλίας, καὶ τῆς ἐλευθερίας τεύξεται καὶ στεφανωθήσεται.
36371	ΜΑΚΚΑΒΑΙΩΝ Γ 3:29	σύνοκον	σύνολον	0.86	Yes	No	\vs{29}Πᾶς δὲ τὸπος οὗ ἐὰν φωραθῇ τὸ σύνοκον σκεπαζόμενος Ἰουδαῖος, ἄβατος καὶ πυριφλεγὴς γινέσθω, καὶ πάσῃ θνητῇ φύσει κατὰ πάντα ἄχρηστος φανήσεται εἰς τὸν ἀεὶ χρόνον.
36375	ΜΑΚΚΑΒΑΙΩΝ Γ 4:1	συνεκφαινομένης	νῦν ἐκφαινομένης	0.93	Yes	No	Παντῇ δὲ ὅπου προσέπιπτε τοῦτο τὸ πρόσταγμα, δημοτελὴς συνίστατο τοῖς ἔθνεσιν εὐωχία μετὰ ἀλαλαγμῶν καὶ χαρᾶς, ὡς ἄν τῆς προκατεσκιῤῥωμένης αὐτοῖς πάλαι κατὰ διάνοιαν, μετὰ παῤῥησίας συνεκφαινομένης ἀπεχθείας.
36378	ΜΑΚΚΑΒΑΙΩΝ Γ 4:3	ἐμπιπλῶντο	ἐνεπιπλῶντο	0.86	Yes	No	\vs{3}Τίς νομὸς ἢ πόλις, ἢ τίς τὸ σύνολον οἰκητὸς τὸπος, ἢ τίνες ἀγυιαὶ κοπετοῦ καὶ γόων ἐπʼ αὐτοῖς οὐκ ἐμπιπλῶντο;
36380	ΜΑΚΚΑΒΑΙΩΝ Γ 4:4	τρισάθλιον	τρισαθλία	0.84	No	No	\vs{4}Οὕτω γὰρ μετὰ πικρᾶς καὶ ἀνοίκτου ψυχῆς ὑπὸ τῶν κατὰ πόλιν στρατηγῶν ὁμοθυμαδὸν ἐξαπεστέλλοντο, ὥστε ἐπὶ ταῖς ἐξάλλοις τιμωρίαις καί τινας τῶν ἐχθρῶν, λαμβάνοντας πρὸ τῶν ὀφθαλμὼν τὸν κοινὸν ἔλεον, καὶ λογιζομένους τὴν ἄδηλον τοῦ βίου καταστροφὴν, δακρύειν αὐτῶν τρισάθλιον ἐξαποστολήν.
36383	ΜΑΚΚΑΒΑΙΩΝ Γ 4:6	μυροβραχῆ	μυροβρεχῆ	0.89	Yes	No	\vs{6}Αἱ δὲ ἄρτι πρὸς βίου κοινωνίαν γαμικὸν ὑπεληλυθυῖαι παστὸν νεάνιδες, ἀντὶ τέρψεως μεταλαβοῦσαι γόους, καὶ κόνει τὴν μυροβραχῆ πεφυρμέναι κόμην, ἀκαλύπτως δὲ ἀγόμεναι, θρῆνον ἀνθʼ ὑμεναίων ὁμοθυμαδὸν ἐξῆρχον, ὡς ἐσπαραγμέναι σκυλμοῖς ἀλλοεθνέσι.
36384	ΜΑΚΚΑΒΑΙΩΝ Γ 4:7	δημόσιαι	δημοσίᾳ	0.93	Yes	No	\vs{7}Δέσμιαι δέ δημόσιαι μέχρι τῆς εἰς τὸ πλοῖον ἐμβολῆς εἵλκοντο μετὰ βίας.
36386	ΜΑΚΚΑΒΑΙΩΝ Γ 4:8	συζυγεῖς	συνζυγεῖς	0.94	Yes	No	\vs{8}Οἵ τε τούτων συζυγεῖς βρόχοις ἀντὶ στεφέων τοὺς αὐχένας περιπεπλεγμένοι μετὰ ἀκμαίας καὶ νεανικῆς ἡλικίας, ἀντὶ εὐωχίας καὶ νεωτερικῆς ῥαθυμίας τὰς ἐπιλοίπους τῶν γάμων ἡμέρας ἐν θρήνοις διῆγον, παρὰ πόδας ἤδη τὸν ᾅδην ὁρῶντες κείμενον.
36387	ΜΑΚΚΑΒΑΙΩΝ Γ 4:9	κατησθφαλισμένοι	κατησφαλισμένοι	0.97	Yes	No	\vs{9}Κατήχθησαν δὲ θηρίων τρόπον ἀγόμενοι σιδηροδέσμοις ἀνάγκαις· οἱ μὲν τοῖς ζυγοῖς τῶν πλοίων προσηλωμένοι τοὺς τραχήλους, οἱ δὲ τοὺς πόδας ἀῤῥήκτοις κατησθφαλισμένοι πέδαις,
36388	ΜΑΚΚΑΒΑΙΩΝ Γ 4:10	ἀποκλειόμενοι	ἀπολειπόμενοι	0.92	No	No	\vs{10}ἔτι καὶ τῷ καθύπερθε πυκνῷ σανιδώματι διακειμένῳ τὸ φέγγος ἀποκλειόμενοι, ὅπως πάντοθεν ἐσκοτισμένοι τοὺς ὀφθαλμοὺς, ἀγωγὴν ἐπιβούλων ἐν παντὶ τῷ κατάπλῳ λαμβάνωσι.
36390	ΜΑΚΚΑΒΑΙΩΝ Γ 4:11	ἀπλέτῳ	ἀπλάτῳ	0.83	Yes	No	\vs{11}Τούτων δὲ ἐπὶ τὴν λεγομένην Σχεδὶαν ἀχθέντων, καὶ τοῦ παράπλου περανθέντος, καθὼς ἦν δεδογματισμένον τῷ βασιλεῖ, προσέταξεν αὐτοὺς ἐν τῷ πρὸ τῆς πόλεως ἱπποδρόμῳ παρεμβαλεῖν ἀπλέτῳ καθεστῶτι περιμέτρῳ, καὶ πρὸς παραδειγματισμὸν ἄγαν εὐκαιροτάτῳ καθεστῶτι πᾶσι τοῖς καταπορευομένοις εἰς τὴν πόλιν, καὶ τοῖς ἐκ τούτων εἰς τὴν χώραν στελλομένοις πρὸς ἐκδημίαν· πρὸς τὸ μηδὲ ταῖς δυνάμεσιν αὐτοῦ κοινωνεῖν, μηδὲ τὸ σύνολον καταξιῶσαι περιβόλων.
36392	ΜΑΚΚΑΒΑΙΩΝ Γ 4:12	ἀκλεᾶ	ἀκλεῆ	0.80	Yes	No	\vs{12}Ὡς δὲ τοῦτο ἐγενήθη, ἀκούσας τοὺς ἐκ τῆς πόλεως ὁμοεθνεῖς κρυβῇ ἐκπορευομένους πυκνότερον ἀποδύρεσθαι τὴν ἀκλεᾶ τῶν ἀδελφῶν ταλαιπωρίαν,
36399	ΜΑΚΚΑΒΑΙΩΝ Γ 4:17	περ	περὶ	0.86	No	Yes	\vs{17}Μετὰ δὲ τὸ προειρημένον τοῦ χρόνου διάστημα προσηνέγκαντο οἱ γραμματεῖς τῷ βασιλεῖ, μηκέτι ἰσχύειν τὴν τῶν Ἰουδαίων ἀπογραφὴν ποιεῖσθαι διὰ τὴν ἀμέτρητον αὐτῶν πληθὺν, καί περ ὄντων κατὰ τὴν χώραν ἔτι τῶν πλειόνων,
36401	ΜΑΚΚΑΒΑΙΩΝ Γ 4:19	πεισθῆναι	πιστωθῆναι	0.84	Yes	No	\vs{19}ἀπειλήσαντος δὲ αὐτοῖς σκληρότερον ὡς δεδωροκοπημένοις εἰς μηχανὴν τῆς ἐκφυγῆς, συνέβη σαφῶς αὐτὸν περὶ τούτου πεισθῆναι,
36420	ΜΑΚΚΑΒΑΙΩΝ Γ 5:12	μεγάως	μεγάλως	0.92	Yes	No	\vs{12}Καὶ ἡδίστῳ καὶ βαθεῖ κατεσχέθη τῇ ἐνεργείᾳ τοῦ Δεσπότου, τῆς ἀθέσμου μὲν προθέσεως πολὺ διεσφαλμένος, τοῦ δὲ ἀμεταθέτου λογισμοῦ μεγάως διεψευσμένος.
36426	ΜΑΚΚΑΒΑΙΩΝ Γ 5:16	ἀνακλιθῆναι	ἀνακλῖναι	0.90	Yes	No	\vs{16}Ὃν ὁ βασιλεὺς λογισάμενος, καὶ τραπεὶς εἰς τὸν πότον, ἐκέλευσε τοὺς παραγεγονότας εἰς τὴν συμποσίαν ἄντικρυς ἀνακλιθῆναι αὐτοῦ.
36428	ΜΑΚΚΑΒΑΙΩΝ Γ 5:18	μεταπεμψάμενος	διαπεμψάμενος	0.81	No	No	\vs{18}Ἐπιπλεῖον δὲ προβαινούσης τῆς ὁμιλίας, τὸν Ἕρμωνα μεταπεμψάμενος ὁ βασιλεὺς, μετὰ πικρὰς ἀπειλῆς ἐπυνθάνετο, τίνος ἕνεκεν αἰτίας εἰάθησαν οἱ Ἰουδαῖοι τὴν περοῦσαν ἡμέραν περιβεβιωκότες.
36428	ΜΑΚΚΑΒΑΙΩΝ Γ 5:18	περοῦσαν	περιοῦσαν	0.94	Yes	No	\vs{18}Ἐπιπλεῖον δὲ προβαινούσης τῆς ὁμιλίας, τὸν Ἕρμωνα μεταπεμψάμενος ὁ βασιλεὺς, μετὰ πικρὰς ἀπειλῆς ἐπυνθάνετο, τίνος ἕνεκεν αἰτίας εἰάθησαν οἱ Ἰουδαῖοι τὴν περοῦσαν ἡμέραν περιβεβιωκότες.
36429	ΜΑΚΚΑΒΑΙΩΝ Γ 5:19	ἠγηοχέναι	ἠγιοχέναι	0.89	Yes	No	\vs{19}Τοῦ δὲ ὑποδείξαντος νυκτὸς τὸ προσταγὲν ἐπὶ τέλος ἠγηοχέναι, καὶ τῶν φίλων αὐτῷ προσμαρτυρησάντων,
36437	ΜΑΚΚΑΒΑΙΩΝ Γ 5:25	πολυδάκρυον	πολύδακρυν	0.95	Yes	No	\vs{25}Οἱ δὲ Ἰουδαῖοι κατὰ τὸν ἀμερῆ ψυχουλκούμενοι χρόνον, πολυδάκρυον ἱκετίαν ἐν μέλεσι γοεροῖς τείνοντες τὰς χεῖρας εἰς τὸν οὐρανὸν, ἐδέοντο τοῦ μεγίστου Θεοῦ, πάλιν αὐτοῖς βοηθῆσαι συντόμως.
36445	ΜΑΚΚΑΒΑΙΩΝ Γ 5:31	γοναὶ	γόνοι	0.80	Yes	No	\vs{31}εἴ σαι γονεῖς παρῆσαν ἢ παίδων γοναὶ, τήνδε θηρσὶν ἀγρίοις ἐσκεύασαν δαψιλῆ θοῖναν, ἀντὶ τῶν ἀνεγκλήτων ἐμοὶ καὶ προγόνοις ἐμοῖς ἀποδεδειγμένων ὁλοσχερῆ βεβαίαν πίστιν ἐξόχως, Ἰουδαίων.
36446	ΜΑΚΚΑΒΑΙΩΝ Γ 5:32	περ	περὶ	0.86	No	Yes	\vs{32}Καί περ εἰ μὴ διὰ τὴν τῆς συστροφίας στοργὴν καὶ τῆς χρείας, τὸ ζῇν ἀντὶ τούτων ἐστερήθης.
36456	ΜΑΚΚΑΒΑΙΩΝ Γ 5:39	ἄστατον	κατὰ τὸν	0.86	No	Yes	\vs{39}Οἱ δὲ συνανακείμενοι συγγενεῖς τὴν ἄστατον διάνοιαν αὐτοῦ θαυμάζοντες, προεφέροντο τάδε
36460	ΜΑΚΚΑΒΑΙΩΝ Γ 5:42	ἐβεβαίωσεν	βεβαίωσιν	0.84	No	No	\vs{42}Ὅθεν ὁ κατὰ πάντα Φάλαρις βασιλεὺς ἐμπληθυνθεὶς ἀλογιστίας, καὶ τὰς γινομένας πρὸς ἐπισκοπὴν τῶν Ἰουδαίων ἐν αὐτῷ μεταβολὰς τῆς ψυχῆς παρʼ οὐδὲν ἡγούμενος, ἀτελέστατον ἐβεβαίωσεν ὅρκον, ὁρισάμενος τούτους μὲν ἀνυπερθέτως πέμψειν εἰς ᾅδην, ἐν γόνασι καὶ ποσὶ θηρίων ᾐκισμένους,
36464	ΜΑΚΚΑΒΑΙΩΝ Γ 5:45	φοβεραῖς	φοβερῶς	0.80	Yes	No	\vs{45}Ὁ δὲ ἐλεφαντάρχης, τὰ θηρία σχεδὸν εἰπεῖν εἰς κατάστημα μανιῶδες ἀγηοχὼς, εὐωδεστάτοις πόμασιν οἴνῳ λελιβανωμένου φοβεραῖς κατεσκευασμένα σκευαῖς.
36464	ΜΑΚΚΑΒΑΙΩΝ Γ 5:45	σκευαῖς	σκέπασις	0.80	No	No	\vs{45}Ὁ δὲ ἐλεφαντάρχης, τὰ θηρία σχεδὸν εἰπεῖν εἰς κατάστημα μανιῶδες ἀγηοχὼς, εὐωδεστάτοις πόμασιν οἴνῳ λελιβανωμένου φοβεραῖς κατεσκευασμένα σκευαῖς.
36485	ΜΑΚΚΑΒΑΙΩΝ Γ 6:8	ἀφιδῶς	ἀφιδὼν	0.83	Yes	No	\vs{8}Τόν τε βυθοτρεφοῦς ἐν γαστρὶ κήτους Ἰωνᾶν τηκόμενον ἀφιδῶς, ἀπήμαντον πᾶσιν οἰκείοις ἀναδειξας, πάτερ.
36508	ΜΑΚΚΑΒΑΙΩΝ Γ 6:26	ἀθέσμοις	ἀθέσμως	0.80	Yes	No	\vs{26}Τίς τοὺς ἐξαρχῆς εὐνοίᾳ πρὸς ἡμᾶς κατὰ πάντα διαφέροντας πάντων ἐθνῶν, καὶ τοὺς χειρίστους πλεονάκις ἀνθρώπων ἐπιδεδεγμένους κινδύνους, οὕτως ἀθέσμοις περιέβαλεν αἰκίαις;
36516	ΜΑΚΚΑΒΑΙΩΝ Γ 6:31	κατεμέρισαν	κατεμερίσαντο	0.92	Yes	No	\vs{31}Τότε οἱ πρὶν ἐπονείδιστοι καὶ πλησίον τοῦ ᾅδου, μᾶλλον δὲ ἐπʼ αὐτῷ βεβηκότες, ἀντὶ πικροῦ καὶ δυσαιάκτου μόρου, κώθωνα σωτήριον συστησάμενοι, τὸν εἰς πτῶσιν αὐτοῖς καὶ τάφον ἡτοιμασμένον τόπον κλισίαις κατεμέρισαν πλήρεις χαρμονῆς.
36520	ΜΑΚΚΑΒΑΙΩΝ Γ 6:34	πυρίπνουν	πυρόπνουν	0.89	Yes	No	\vs{34}Οἵ τε πρὶν εἰς ὄλεθρον καὶ οἰωνοβρώτους αὐτοὺς ἔσεσθαι τιθέμενοι, μετὰ χαρᾶς ἀπογραψάμενοι, κατεστέναξαν, αἰσχύνην ἐφʼ ἑαυτοῖς περιβαλλόμενοι, καὶ τὴν πυρίπνουν τόλμαν ἀκλεῶς ἐσβεσμένοι.
36540	ΜΑΚΚΑΒΑΙΩΝ Γ 7:6	ὑπερμαχοῦντα	ὑπεραλοῦνται	0.83	No	No	\vs{6}Ἡμεῖς δὲ ἐπὶ τούτοις σκληρότερον διαπειλησάμενοι, καθʼ ἣν ἔχομεν πρὸς ἅπαντας ἀνθρώπους ἐπιείκειαν, μόγις τὸ ζῇν αὐτοῖς χαρισάμενοι, καὶ τὸν ἐπουράνιον Θεὸν ἐγνωκότες ἀσφαλῶς ὑπερησπικότα τῶν Ἰουδαίων, ὡς πατέρα ὑπὲρ υἱῶν διαπαντὸς ὑπερμαχοῦντα,
36551	ΜΑΚΚΑΒΑΙΩΝ Γ 7:14	μεμιασμένων	μεμιαμμένων	0.91	Yes	No	\vs{14}Τότε τὸν ἐμπεσόντα τῶν μεμιασμένων ὁμοεθνῆ κατὰ τὴν ὁδὸν ἐκολάζοντο, καὶ μετὰ παραδειγματισμῶν ἀνῄρουν.
36560	ΜΑΚΚΑΒΑΙΩΝ Γ 7:21	δόκης	δόξης	0.80	Yes	No	\vs{21}Καὶ πλείστην ἢ ἔμπροσθεν ἐν τοῖς ἐχθροῖς ἐξουσίαν ἐσχηκότες μετὰ δόκης καὶ φόβου, τὸ σύνολον ὑπὸ μηδενὸς διασεισθέντες τῶν ὑπαρχόντων.
